date,usdkrw
2007-12-31,936.05
2008-01-02,936.95
2008-01-03,936.8
2008-01-04,938.7
2008-01-07,940.4
2008-01-08,939.3
2008-01-09,937.4
2008-01-10,937.9
2008-01-11,937.55
2008-01-14,937.35
2008-01-15,935.5
2008-01-16,940.05
2008-01-17,945.8
2008-01-18,943.1
2008-01-21,948.5
2008-01-22,954.05
2008-01-23,953.1
2008-01-24,949.7
2008-01-25,946.9
2008-01-28,950.0
2008-01-29,944.7
2008-01-30,945.0
2008-01-31,944.2
2008-02-01,944.0
2008-02-04,942.7
2008-02-05,941.75
2008-02-06,943.6
2008-02-07,941.9
2008-02-08,941.7
2008-02-11,946.2
2008-02-12,945.5
2008-02-13,946.0
2008-02-14,944.65
2008-02-15,945.05
2008-02-18,944.95
2008-02-19,944.45
2008-02-20,946.3
2008-02-21,948.0
2008-02-22,948.65
2008-02-25,948.7
2008-02-26,947.5
2008-02-27,941.05
2008-02-28,936.65
2008-02-29,939.59
2008-03-03,947.6
2008-03-04,947.6
2008-03-05,948.35
2008-03-06,949.55
2008-03-07,959.0
2008-03-10,965.7
2008-03-11,967.5
2008-03-12,967.5
2008-03-13,982.7
2008-03-14,997.4
2008-03-17,1024.4
2008-03-18,1015.1
2008-03-19,1010.6
2008-03-20,1009.6
2008-03-25,978.0
2008-03-26,990.5
2008-03-27,987.25
2008-03-28,994.5
2008-03-31,991.0
2008-04-01,984.65
2008-04-02,975.3
2008-04-03,980.0
2008-04-04,976.0
2008-04-07,974.9
2008-04-08,977.9
2008-04-09,976.4
2008-04-10,976.8
2008-04-11,976.2
2008-04-14,980.25
2008-04-15,988.5
2008-04-16,989.7
2008-04-17,996.75
2008-04-18,999.75
2008-04-21,993.75
2008-04-22,999.25
2008-04-23,993.25
2008-04-24,996.25
2008-04-25,994.75
2008-04-28,996.25
2008-04-29,1001.5
2008-04-30,1005.5
2008-05-02,1011.25
2008-05-05,1007.75
2008-05-06,1015.75
2008-05-07,1029.0
2008-05-08,1045.75
2008-05-09,1045.75
2008-05-12,1045.25
2008-05-13,1045.0
2008-05-14,1047.0
2008-05-15,1046.5
2008-05-16,1037.45
2008-05-19,1041.0
2008-05-20,1045.0
2008-05-21,1040.5
2008-05-22,1044.75
2008-05-23,1045.25
2008-05-26,1048.7
2008-05-27,1040.5
2008-05-28,1032.0
2008-05-29,1032.5
2008-05-30,1028.75
2008-06-02,1023.75
2008-06-03,1017.95
2008-06-04,1019.0
2008-06-05,1026.5
2008-06-06,1024.25
2008-06-09,1033.0
2008-06-10,1027.5
2008-06-11,1030.25
2008-06-12,1035.5
2008-06-13,1044.5
2008-06-16,1040.25
2008-06-17,1020.5
2008-06-18,1030.3
2008-06-19,1028.75
2008-06-20,1029.75
2008-06-23,1040.75
2008-06-24,1034.0
2008-06-25,1037.25
2008-06-26,1037.25
2008-06-27,1041.25
2008-06-30,1048.1
2008-07-01,1052.95
2008-07-02,1038.0
2008-07-03,1047.0
2008-07-04,1048.85
2008-07-07,1041.25
2008-07-08,1030.63
2008-07-09,999.75
2008-07-10,999.75
2008-07-11,1001.5
2008-07-14,1005.0
2008-07-15,1009.75
2008-07-16,1009.25
2008-07-17,1011.5
2008-07-18,1014.0
2008-07-21,1011.25
2008-07-22,1017.0
2008-07-23,1011.75
2008-07-24,1006.5
2008-07-25,1007.0
2008-07-28,1006.6
2008-07-29,1009.25
2008-07-30,1012.75
2008-07-31,1011.5
2008-08-01,1015.5
2008-08-04,1016.85
2008-08-05,1017.5
2008-08-06,1014.75
2008-08-07,1016.45
2008-08-08,1027.95
2008-08-11,1033.25
2008-08-12,1033.75
2008-08-13,1039.5
2008-08-14,1039.7
2008-08-15,1039.7
2008-08-18,1045.0
2008-08-19,1049.5
2008-08-20,1046.5
2008-08-21,1054.25
2008-08-22,1062.45
2008-08-25,1079.7
2008-08-26,1088.5
2008-08-27,1081.75
2008-08-28,1081.75
2008-08-29,1087.75
2008-09-01,1116.1
2008-09-02,1133.25
2008-09-03,1148.55
2008-09-04,1128.65
2008-09-05,1117.95
2008-09-08,1081.1
2008-09-09,1097.0
2008-09-10,1097.0
2008-09-11,1112.5
2008-09-12,1112.5
2008-09-15,1110.0
2008-09-16,1159.5
2008-09-17,1116.25
2008-09-18,1154.0
2008-09-19,1128.0
2008-09-22,1130.0
2008-09-23,1148.6
2008-09-24,1153.5
2008-09-25,1150.5
2008-09-26,1168.0
2008-09-29,1184.9
2008-09-30,1206.95
2008-10-01,1193.5
2008-10-02,1226.05
2008-10-03,1227.3
2008-10-06,1286.63
2008-10-07,1315.75
2008-10-08,1394.0
2008-10-09,1361.75
2008-10-10,1307.6
2008-10-13,1232.0
2008-10-14,1184.5
2008-10-15,1241.5
2008-10-16,1335.0
2008-10-17,1300.0
2008-10-20,1317.5
2008-10-21,1341.98
2008-10-22,1390.0
2008-10-23,1415.0
2008-10-24,1456.0
2008-10-27,1437.6
2008-10-28,1460.0
2008-10-29,1415.0
2008-10-30,1277.88
2008-10-31,1306.05
2008-11-03,1265.8
2008-11-04,1276.0
2008-11-05,1252.0
2008-11-06,1336.0
2008-11-07,1326.05
2008-11-10,1317.0
2008-11-11,1334.82
2008-11-12,1367.0
2008-11-13,1389.5
2008-11-14,1410.7
2008-11-17,1430.0
2008-11-18,1453.5
2008-11-19,1446.85
2008-11-20,1508.72
2008-11-21,1500.0
2008-11-24,1479.68
2008-11-25,1514.0
2008-11-26,1469.3
2008-11-27,1475.5
2008-11-28,1462.0
2008-12-01,1467.0
2008-12-02,1468.06
2008-12-03,1465.5
2008-12-04,1483.32
2008-12-05,1469.25
2008-12-08,1451.32
2008-12-09,1431.5
2008-12-10,1385.5
2008-12-11,1362.5
2008-12-12,1374.5
2008-12-15,1376.28
2008-12-16,1365.35
2008-12-17,1306.25
2008-12-18,1289.25
2008-12-19,1314.85
2008-12-22,1318.05
2008-12-23,1356.9
2008-12-24,1311.3
2008-12-29,1281.35
2008-12-30,1349.43
2008-12-31,1321.5
2009-01-02,1322.0
2009-01-05,1324.93
2009-01-06,1315.32
2009-01-07,1309.4
2009-01-08,1334.5
2009-01-09,1347.5
2009-01-12,1366.98
2009-01-13,1365.6
2009-01-14,1349.3
2009-01-15,1387.97
2009-01-16,1350.5
2009-01-19,1365.97
2009-01-20,1377.97
2009-01-21,1374.93
2009-01-22,1382.02
2009-01-23,1397.03
2009-01-26,1405.55
2009-01-27,1389.8
2009-01-28,1362.5
2009-01-29,1369.7
2009-01-30,1395.0
2009-02-02,1397.47
2009-02-03,1389.53
2009-02-04,1384.05
2009-02-05,1380.18
2009-02-06,1378.6
2009-02-09,1382.4
2009-02-10,1387.8
2009-02-11,1393.3
2009-02-12,1412.8
2009-02-13,1404.75
2009-02-16,1430.93
2009-02-17,1465.0
2009-02-18,1481.18
2009-02-19,1475.2
2009-02-20,1511.93
2009-02-23,1493.05
2009-02-24,1514.68
2009-02-25,1514.68
2009-02-26,1511.3
2009-02-27,1542.95
2009-03-02,1583.0
2009-03-03,1560.4
2009-03-04,1545.45
2009-03-05,1564.0
2009-03-06,1547.28
2009-03-09,1558.73
2009-03-10,1518.1
2009-03-11,1478.0
2009-03-12,1499.22
2009-03-13,1483.45
2009-03-16,1420.63
2009-03-17,1417.97
2009-03-18,1416.3
2009-03-19,1388.3
2009-03-20,1403.65
2009-03-23,1392.18
2009-03-24,1384.32
2009-03-25,1361.85
2009-03-26,1330.75
2009-03-27,1348.18
2009-03-30,1400.77
2009-03-31,1383.1
2009-04-01,1371.95
2009-04-02,1330.5
2009-04-03,1338.55
2009-04-06,1309.28
2009-04-07,1318.5
2009-04-08,1347.85
2009-04-09,1325.63
2009-04-14,1322.38
2009-04-15,1334.0
2009-04-16,1334.57
2009-04-17,1328.0
2009-04-20,1334.64
2009-04-21,1348.59
2009-04-22,1350.0
2009-04-23,1348.1
2009-04-24,1339.2
2009-04-27,1341.71
2009-04-28,1352.95
2009-04-29,1335.63
2009-04-30,1278.25
2009-05-04,1268.4
2009-05-05,1268.6
2009-05-06,1278.3
2009-05-07,1258.21
2009-05-08,1242.85
2009-05-11,1233.76
2009-05-12,1238.47
2009-05-13,1239.98
2009-05-14,1263.16
2009-05-15,1252.81
2009-05-18,1255.69
2009-05-19,1245.56
2009-05-20,1246.76
2009-05-21,1248.67
2009-05-22,1243.47
2009-05-25,1244.75
2009-05-26,1258.97
2009-05-27,1265.6
2009-05-28,1253.02
2009-05-29,1251.27
2009-06-01,1245.68
2009-06-02,1234.89
2009-06-03,1235.88
2009-06-04,1247.16
2009-06-05,1247.55
2009-06-08,1248.49
2009-06-09,1264.45
2009-06-10,1256.28
2009-06-11,1258.51
2009-06-12,1249.87
2009-06-15,1257.83
2009-06-16,1254.69
2009-06-17,1255.46
2009-06-18,1265.4
2009-06-19,1264.25
2009-06-22,1278.25
2009-06-23,1287.54
2009-06-24,1282.47
2009-06-25,1287.63
2009-06-26,1280.7
2009-06-29,1285.6
2009-06-30,1275.24
2009-07-01,1275.21
2009-07-02,1269.7
2009-07-03,1265.66
2009-07-06,1268.46
2009-07-07,1272.85
2009-07-08,1277.71
2009-07-09,1277.55
2009-07-10,1285.44
2009-07-13,1310.81
2009-07-14,1297.93
2009-07-15,1276.12
2009-07-16,1270.67
2009-07-17,1263.73
2009-07-20,1246.68
2009-07-21,1247.41
2009-07-22,1252.44
2009-07-23,1250.31
2009-07-24,1247.89
2009-07-27,1242.19
2009-07-28,1239.0
2009-07-29,1242.31
2009-07-30,1234.97
2009-07-31,1222.74
2009-08-03,1220.46
2009-08-04,1218.84
2009-08-05,1222.84
2009-08-06,1224.12
2009-08-07,1227.05
2009-08-10,1227.06
2009-08-11,1241.9
2009-08-12,1247.22
2009-08-13,1230.96
2009-08-14,1237.62
2009-08-17,1258.56
2009-08-18,1249.9
2009-08-19,1258.06
2009-08-20,1247.98
2009-08-21,1248.16
2009-08-24,1241.53
2009-08-25,1247.17
2009-08-26,1247.19
2009-08-27,1247.65
2009-08-28,1243.78
2009-08-31,1249.5
2009-09-01,1241.35
2009-09-02,1247.92
2009-09-03,1245.03
2009-09-04,1240.42
2009-09-07,1233.94
2009-09-08,1232.16
2009-09-09,1226.84
2009-09-10,1224.65
2009-09-11,1220.54
2009-09-14,1224.84
2009-09-15,1218.43
2009-09-16,1211.1
2009-09-17,1204.55
2009-09-18,1208.0
2009-09-21,1205.08
2009-09-22,1203.69
2009-09-23,1193.96
2009-09-24,1195.9
2009-09-25,1186.24
2009-09-28,1196.1
2009-09-29,1186.14
2009-09-30,1177.32
2009-10-01,1178.47
2009-10-02,1174.29
2009-10-05,1173.62
2009-10-06,1170.19
2009-10-07,1170.34
2009-10-08,1167.17
2009-10-09,1164.45
2009-10-12,1169.83
2009-10-13,1168.06
2009-10-14,1162.4
2009-10-15,1154.65
2009-10-16,1165.63
2009-10-19,1169.98
2009-10-20,1165.78
2009-10-21,1179.21
2009-10-22,1189.54
2009-10-23,1181.62
2009-10-26,1176.76
2009-10-27,1185.53
2009-10-28,1194.33
2009-10-29,1192.39
2009-10-30,1181.09
2009-11-02,1184.01
2009-11-03,1183.49
2009-11-04,1178.23
2009-11-05,1179.73
2009-11-06,1166.67
2009-11-09,1160.74
2009-11-10,1162.55
2009-11-11,1157.92
2009-11-12,1157.43
2009-11-13,1157.65
2009-11-16,1155.22
2009-11-17,1155.48
2009-11-18,1153.23
2009-11-19,1161.95
2009-11-20,1159.01
2009-11-23,1155.12
2009-11-24,1156.8
2009-11-25,1153.4
2009-11-26,1155.95
2009-11-27,1175.38
2009-11-30,1162.8
2009-12-01,1159.73
2009-12-02,1153.92
2009-12-03,1155.19
2009-12-04,1152.93
2009-12-07,1153.54
2009-12-08,1155.33
2009-12-09,1161.43
2009-12-10,1165.24
2009-12-11,1164.29
2009-12-14,1157.12
2009-12-15,1161.33
2009-12-16,1165.18
2009-12-17,1177.01
2009-12-18,1175.04
2009-12-21,1183.95
2009-12-22,1180.09
2009-12-23,1183.77
2009-12-24,1175.11
2009-12-28,1168.11
2009-12-29,1171.57
2009-12-30,1164.43
2009-12-31,1157.14
2010-01-04,1155.31
2010-01-05,1139.55
2010-01-06,1134.36
2010-01-07,1135.0
2010-01-08,1130.81
2010-01-11,1119.87
2010-01-12,1123.82
2010-01-13,1125.61
2010-01-14,1120.81
2010-01-15,1123.06
2010-01-18,1124.77
2010-01-19,1127.44
2010-01-20,1136.38
2010-01-21,1137.33
2010-01-22,1150.36
2010-01-25,1150.2
2010-01-26,1163.43
2010-01-27,1159.91
2010-01-28,1151.64
2010-01-29,1161.39
2010-02-01,1169.48
2010-02-02,1159.67
2010-02-03,1147.0
2010-02-04,1151.14
2010-02-05,1169.57
2010-02-08,1171.92
2010-02-09,1163.84
2010-02-10,1158.4
2010-02-11,1155.98
2010-02-12,1151.92
2010-02-15,1155.99
2010-02-16,1151.48
2010-02-17,1142.69
2010-02-18,1150.36
2010-02-19,1159.9
2010-02-22,1147.34
2010-02-23,1148.31
2010-02-24,1151.13
2010-02-25,1163.16
2010-02-26,1159.87
2010-03-01,1155.08
2010-03-02,1150.27
2010-03-03,1146.34
2010-03-04,1145.15
2010-03-05,1140.2
2010-03-08,1132.54
2010-03-09,1134.62
2010-03-10,1130.78
2010-03-11,1133.36
2010-03-12,1128.38
2010-03-15,1134.9
2010-03-16,1133.16
2010-03-17,1128.39
2010-03-18,1133.87
2010-03-19,1132.76
2010-03-22,1135.68
2010-03-23,1137.03
2010-03-24,1138.04
2010-03-25,1142.42
2010-03-26,1138.79
2010-03-29,1135.51
2010-03-30,1130.06
2010-03-31,1131.47
2010-04-01,1126.4
2010-04-06,1123.1
2010-04-07,1120.78
2010-04-08,1123.29
2010-04-09,1118.13
2010-04-12,1114.16
2010-04-13,1124.11
2010-04-14,1112.09
2010-04-15,1107.63
2010-04-16,1110.35
2010-04-19,1118.12
2010-04-20,1117.97
2010-04-21,1107.69
2010-04-22,1108.24
2010-04-23,1108.82
2010-04-26,1104.14
2010-04-27,1110.0
2010-04-28,1118.81
2010-04-29,1114.81
2010-04-30,1108.12
2010-05-03,1118.53
2010-05-04,1115.22
2010-05-05,1124.43
2010-05-06,1141.43
2010-05-07,1155.3
2010-05-10,1132.06
2010-05-11,1136.83
2010-05-12,1143.71
2010-05-13,1128.01
2010-05-14,1131.0
2010-05-17,1153.84
2010-05-18,1146.55
2010-05-19,1165.25
2010-05-20,1194.54
2010-05-21,1211.32
2010-05-24,1214.23
2010-05-25,1250.97
2010-05-26,1228.37
2010-05-27,1224.2
2010-05-28,1194.84
2010-05-31,1202.1
2010-06-01,1216.2
2010-06-02,1225.65
2010-06-03,1197.8
2010-06-04,1201.95
2010-06-07,1235.5
2010-06-08,1233.59
2010-06-09,1248.24
2010-06-10,1250.59
2010-06-11,1245.97
2010-06-14,1222.12
2010-06-15,1228.4
2010-06-16,1211.39
2010-06-17,1213.07
2010-06-18,1204.74
2010-06-21,1173.66
2010-06-22,1182.7
2010-06-23,1188.04
2010-06-24,1194.75
2010-06-25,1215.51
2010-06-28,1201.86
2010-06-29,1217.38
2010-06-30,1222.06
2010-07-01,1228.67
2010-07-02,1228.97
2010-07-05,1223.38
2010-07-06,1222.47
2010-07-07,1222.83
2010-07-08,1209.15
2010-07-09,1197.37
2010-07-12,1203.26
2010-07-13,1212.69
2010-07-14,1202.56
2010-07-15,1202.95
2010-07-16,1202.81
2010-07-19,1215.85
2010-07-20,1206.81
2010-07-21,1204.38
2010-07-22,1204.24
2010-07-23,1198.84
2010-07-26,1191.32
2010-07-27,1181.48
2010-07-28,1184.19
2010-07-29,1186.5
2010-07-30,1184.4
2010-08-02,1172.49
2010-08-03,1171.58
2010-08-04,1168.61
2010-08-05,1166.52
2010-08-06,1161.98
2010-08-09,1160.06
2010-08-10,1168.72
2010-08-11,1182.31
2010-08-12,1190.77
2010-08-13,1193.14
2010-08-16,1187.17
2010-08-17,1176.3
2010-08-18,1174.28
2010-08-19,1172.57
2010-08-20,1183.72
2010-08-23,1182.0
2010-08-24,1191.81
2010-08-25,1196.65
2010-08-26,1190.26
2010-08-27,1196.82
2010-08-30,1192.3
2010-08-31,1198.78
2010-09-01,1184.95
2010-09-02,1180.81
2010-09-03,1175.05
2010-09-06,1170.44
2010-09-07,1177.23
2010-09-08,1172.88
2010-09-09,1167.63
2010-09-10,1166.8
2010-09-13,1161.07
2010-09-14,1163.61
2010-09-15,1159.44
2010-09-16,1162.3
2010-09-17,1160.72
2010-09-20,1161.75
2010-09-21,1159.35
2010-09-22,1150.54
2010-09-23,1154.13
2010-09-24,1148.67
2010-09-27,1146.6
2010-09-28,1147.85
2010-09-29,1140.25
2010-09-30,1136.17
2010-10-01,1126.4
2010-10-04,1124.66
2010-10-05,1130.22
2010-10-06,1119.36
2010-10-07,1115.48
2010-10-08,1128.71
2010-10-11,1119.9
2010-10-12,1128.88
2010-10-13,1121.1
2010-10-14,1109.33
2010-10-15,1110.54
2010-10-18,1117.95
2010-10-19,1126.57
2010-10-20,1129.8
2010-10-21,1124.71
2010-10-22,1128.03
2010-10-25,1116.02
2010-10-26,1120.13
2010-10-27,1131.46
2010-10-28,1123.85
2010-10-29,1124.27
2010-11-01,1117.81
2010-11-02,1112.68
2010-11-03,1109.95
2010-11-04,1103.05
2010-11-05,1108.35
2010-11-08,1113.2
2010-11-09,1112.64
2010-11-10,1111.13
2010-11-11,1109.91
2010-11-12,1127.09
2010-11-15,1135.49
2010-11-16,1130.7
2010-11-17,1146.46
2010-11-18,1130.48
2010-11-19,1131.12
2010-11-22,1130.18
2010-11-23,1168.38
2010-11-24,1148.98
2010-11-25,1144.56
2010-11-26,1163.88
2010-11-29,1158.7
2010-11-30,1162.11
2010-12-01,1150.42
2010-12-02,1149.4
2010-12-03,1135.38
2010-12-06,1135.36
2010-12-07,1130.25
2010-12-08,1145.75
2010-12-09,1140.92
2010-12-10,1139.85
2010-12-13,1144.92
2010-12-14,1139.68
2010-12-15,1153.84
2010-12-16,1155.45
2010-12-17,1156.37
2010-12-20,1154.24
2010-12-21,1152.98
2010-12-22,1151.82
2010-12-23,1156.24
2010-12-24,1150.62
2010-12-27,1150.32
2010-12-28,1145.89
2010-12-29,1142.33
2010-12-30,1132.58
2010-12-31,1121.88
2011-01-03,1124.27
2011-01-04,1119.43
2011-01-05,1127.17
2011-01-06,1119.96
2011-01-07,1125.46
2011-01-10,1130.98
2011-01-11,1124.39
2011-01-12,1114.54
2011-01-13,1113.08
2011-01-14,1119.02
2011-01-17,1114.97
2011-01-18,1112.27
2011-01-19,1111.22
2011-01-20,1123.47
2011-01-21,1120.61
2011-01-24,1122.28
2011-01-25,1121.62
2011-01-26,1117.08
2011-01-27,1112.11
2011-01-28,1114.33
2011-01-31,1120.4
2011-02-01,1112.16
2011-02-02,1102.55
2011-02-03,1105.06
2011-02-04,1104.65
2011-02-07,1104.92
2011-02-08,1103.29
2011-02-09,1110.3
2011-02-10,1121.13
2011-02-11,1128.28
2011-02-14,1124.87
2011-02-15,1120.83
2011-02-16,1119.91
2011-02-17,1116.76
2011-02-18,1111.73
2011-02-21,1120.34
2011-02-22,1128.34
2011-02-23,1123.92
2011-02-24,1134.96
2011-02-25,1125.86
2011-02-28,1126.1
2011-03-01,1121.34
2011-03-02,1125.89
2011-03-03,1121.81
2011-03-04,1114.81
2011-03-07,1116.25
2011-03-08,1119.54
2011-03-09,1113.59
2011-03-10,1123.02
2011-03-11,1127.21
2011-03-14,1125.91
2011-03-15,1136.01
2011-03-16,1132.89
2011-03-17,1132.93
2011-03-18,1127.35
2011-03-21,1121.8
2011-03-22,1124.23
2011-03-23,1125.11
2011-03-24,1119.49
2011-03-25,1112.24
2011-03-28,1114.0
2011-03-29,1112.85
2011-03-30,1100.8
2011-03-31,1094.19
2011-04-01,1092.05
2011-04-04,1088.35
2011-04-05,1088.97
2011-04-06,1085.77
2011-04-07,1090.42
2011-04-08,1082.7
2011-04-11,1087.3
2011-04-12,1092.02
2011-04-13,1085.95
2011-04-14,1089.69
2011-04-15,1088.87
2011-04-18,1092.14
2011-04-19,1088.85
2011-04-20,1079.81
2011-04-21,1082.24
2011-04-26,1084.28
2011-04-27,1081.39
2011-04-28,1074.08
2011-04-29,1069.05
2011-05-02,1066.07
2011-05-03,1071.57
2011-05-04,1072.76
2011-05-05,1082.37
2011-05-06,1083.53
2011-05-09,1081.84
2011-05-10,1081.57
2011-05-11,1075.03
2011-05-12,1091.65
2011-05-13,1087.11
2011-05-16,1091.85
2011-05-17,1094.26
2011-05-18,1087.76
2011-05-19,1086.44
2011-05-20,1082.79
2011-05-23,1098.42
2011-05-24,1093.65
2011-05-25,1101.96
2011-05-26,1088.52
2011-05-27,1082.07
2011-05-30,1079.55
2011-05-31,1079.14
2011-06-01,1074.75
2011-06-02,1078.22
2011-06-03,1077.89
2011-06-06,1078.17
2011-06-07,1083.05
2011-06-08,1085.93
2011-06-09,1082.75
2011-06-10,1082.65
2011-06-13,1085.84
2011-06-14,1082.53
2011-06-15,1083.37
2011-06-16,1089.77
2011-06-17,1088.56
2011-06-20,1085.91
2011-06-21,1078.42
2011-06-22,1074.11
2011-06-23,1076.88
2011-06-24,1078.87
2011-06-27,1085.45
2011-06-28,1083.63
2011-06-29,1076.82
2011-06-30,1067.73
2011-07-01,1066.44
2011-07-04,1063.6
2011-07-05,1066.38
2011-07-06,1063.49
2011-07-07,1064.89
2011-07-08,1057.13
2011-07-11,1057.53
2011-07-12,1068.51
2011-07-13,1060.29
2011-07-14,1058.93
2011-07-15,1058.74
2011-07-18,1061.46
2011-07-19,1059.84
2011-07-20,1056.23
2011-07-21,1055.18
2011-07-22,1051.79
2011-07-25,1055.98
2011-07-26,1051.86
2011-07-27,1050.56
2011-07-28,1051.63
2011-07-29,1054.42
2011-08-01,1048.48
2011-08-02,1054.04
2011-08-03,1059.56
2011-08-04,1067.07
2011-08-05,1071.95
2011-08-08,1084.13
2011-08-09,1090.6
2011-08-10,1080.38
2011-08-11,1083.94
2011-08-12,1080.44
2011-08-15,1079.31
2011-08-16,1073.43
2011-08-17,1068.89
2011-08-18,1077.15
2011-08-19,1087.01
2011-08-22,1079.97
2011-08-23,1077.57
2011-08-24,1082.28
2011-08-25,1084.22
2011-08-26,1081.64
2011-08-29,1075.05
2011-08-30,1074.5
2011-08-31,1065.27
2011-09-01,1063.57
2011-09-02,1061.44
2011-09-05,1069.18
2011-09-06,1074.46
2011-09-07,1071.51
2011-09-08,1074.72
2011-09-09,1077.38
2011-09-12,1077.84
2011-09-13,1103.96
2011-09-14,1105.62
2011-09-15,1113.67
2011-09-16,1108.96
2011-09-19,1140.32
2011-09-20,1143.38
2011-09-21,1163.77
2011-09-22,1193.98
2011-09-23,1165.89
2011-09-26,1180.1
2011-09-27,1169.51
2011-09-28,1166.06
2011-09-29,1178.08
2011-09-30,1181.16
2011-10-03,1181.44
2011-10-04,1196.84
2011-10-05,1189.08
2011-10-06,1186.46
2011-10-07,1181.87
2011-10-10,1168.06
2011-10-11,1171.37
2011-10-12,1164.92
2011-10-13,1159.42
2011-10-14,1156.83
2011-10-17,1145.36
2011-10-18,1146.24
2011-10-19,1132.83
2011-10-20,1142.29
2011-10-21,1148.01
2011-10-24,1135.44
2011-10-25,1126.67
2011-10-26,1131.95
2011-10-27,1110.31
2011-10-28,1105.32
2011-10-31,1109.19
2011-11-01,1122.28
2011-11-02,1120.98
2011-11-03,1125.46
2011-11-04,1111.34
2011-11-07,1119.58
2011-11-08,1116.28
2011-11-09,1121.32
2011-11-10,1131.24
2011-11-11,1126.74
2011-11-14,1125.98
2011-11-15,1129.17
2011-11-16,1134.39
2011-11-17,1133.38
2011-11-18,1138.94
2011-11-21,1143.99
2011-11-22,1144.2
2011-11-23,1155.24
2011-11-24,1152.67
2011-11-25,1165.12
2011-11-28,1153.35
2011-11-29,1142.55
2011-11-30,1140.48
2011-12-01,1125.12
2011-12-02,1129.94
2011-12-05,1127.58
2011-12-06,1130.18
2011-12-07,1130.69
2011-12-08,1132.44
2011-12-09,1145.92
2011-12-12,1149.71
2011-12-13,1152.79
2011-12-14,1158.75
2011-12-15,1156.62
2011-12-16,1157.63
2011-12-19,1173.43
2011-12-20,1161.98
2011-12-21,1150.82
2011-12-22,1156.95
2011-12-23,1150.96
2011-12-27,1155.85
2011-12-28,1155.87
2011-12-29,1155.02
2011-12-30,1158.27
2012-01-02,1155.21
2012-01-03,1149.53
2012-01-04,1151.23
2012-01-05,1155.53
2012-01-06,1160.86
2012-01-09,1160.65
2012-01-10,1154.35
2012-01-11,1161.2
2012-01-12,1154.77
2012-01-13,1148.33
2012-01-16,1152.17
2012-01-17,1143.2
2012-01-18,1142.06
2012-01-19,1136.03
2012-01-20,1134.29
2012-01-23,1130.3
2012-01-24,1132.8
2012-01-25,1129.34
2012-01-26,1121.59
2012-01-27,1122.59
2012-01-30,1129.95
2012-01-31,1121.73
2012-02-01,1123.95
2012-02-02,1119.89
2012-02-03,1117.61
2012-02-06,1121.97
2012-02-07,1119.03
2012-02-08,1115.65
2012-02-09,1116.65
2012-02-10,1125.05
2012-02-13,1120.79
2012-02-14,1125.08
2012-02-15,1123.09
2012-02-16,1134.68
2012-02-17,1124.83
2012-02-20,1121.75
2012-02-21,1126.06
2012-02-22,1127.14
2012-02-23,1128.82
2012-02-24,1126.09
2012-02-27,1130.46
2012-02-28,1125.14
2012-02-29,1117.52
2012-03-01,1118.46
2012-03-02,1115.78
2012-03-05,1118.06
2012-03-06,1125.0
2012-03-07,1125.69
2012-03-08,1115.72
2012-03-09,1118.43
2012-03-12,1124.03
2012-03-13,1125.18
2012-03-14,1128.92
2012-03-15,1127.22
2012-03-16,1125.08
2012-03-19,1123.11
2012-03-20,1126.5
2012-03-21,1129.58
2012-03-22,1132.5
2012-03-23,1136.05
2012-03-26,1140.16
2012-03-27,1133.92
2012-03-28,1135.23
2012-03-29,1137.62
2012-03-30,1132.81
2012-04-02,1127.61
2012-04-03,1124.12
2012-04-04,1130.86
2012-04-05,1131.96
2012-04-10,1140.33
2012-04-11,1143.73
2012-04-12,1140.87
2012-04-13,1133.78
2012-04-16,1138.48
2012-04-17,1137.31
2012-04-18,1138.85
2012-04-19,1139.44
2012-04-20,1139.14
2012-04-23,1141.89
2012-04-24,1140.06
2012-04-25,1140.89
2012-04-26,1135.94
2012-04-27,1133.28
2012-04-30,1129.03
2012-05-02,1130.2
2012-05-03,1129.71
2012-05-04,1131.97
2012-05-07,1137.23
2012-05-08,1136.26
2012-05-09,1143.68
2012-05-10,1142.1
2012-05-11,1147.44
2012-05-14,1152.06
2012-05-15,1153.19
2012-05-16,1168.16
2012-05-17,1165.37
2012-05-18,1169.66
2012-05-21,1168.85
2012-05-22,1164.64
2012-05-23,1173.84
2012-05-24,1176.99
2012-05-25,1184.62
2012-05-28,1180.24
2012-05-29,1176.01
2012-05-30,1177.99
2012-05-31,1179.56
2012-06-01,1180.73
2012-06-04,1180.94
2012-06-05,1180.42
2012-06-06,1175.31
2012-06-07,1169.09
2012-06-08,1174.67
2012-06-11,1170.37
2012-06-12,1170.12
2012-06-13,1167.15
2012-06-14,1166.53
2012-06-15,1164.13
2012-06-18,1158.9
2012-06-19,1154.52
2012-06-20,1151.09
2012-06-21,1154.29
2012-06-22,1157.33
2012-06-25,1162.44
2012-06-26,1158.57
2012-06-27,1156.19
2012-06-28,1156.76
2012-06-29,1144.56
2012-07-02,1144.03
2012-07-03,1136.22
2012-07-04,1137.0
2012-07-05,1134.46
2012-07-06,1139.51
2012-07-09,1142.59
2012-07-10,1141.42
2012-07-11,1140.75
2012-07-12,1155.18
2012-07-13,1150.92
2012-07-16,1148.79
2012-07-17,1143.99
2012-07-18,1143.16
2012-07-19,1138.93
2012-07-20,1142.14
2012-07-23,1149.18
2012-07-24,1148.8
2012-07-25,1150.15
2012-07-26,1145.67
2012-07-27,1138.51
2012-07-30,1137.47
2012-07-31,1129.8
2012-08-01,1127.29
2012-08-02,1131.53
2012-08-03,1133.98
2012-08-06,1127.99
2012-08-07,1128.94
2012-08-08,1131.89
2012-08-09,1127.09
2012-08-10,1130.86
2012-08-13,1129.13
2012-08-14,1129.8
2012-08-15,1131.44
2012-08-16,1134.42
2012-08-17,1135.11
2012-08-20,1135.37
2012-08-21,1130.35
2012-08-22,1135.52
2012-08-23,1131.34
2012-08-24,1134.92
2012-08-27,1135.28
2012-08-28,1135.5
2012-08-29,1134.42
2012-08-30,1134.35
2012-08-31,1133.91
2012-09-03,1131.78
2012-09-04,1133.29
2012-09-05,1136.75
2012-09-06,1133.54
2012-09-07,1129.66
2012-09-10,1128.94
2012-09-11,1127.57
2012-09-12,1126.99
2012-09-13,1128.87
2012-09-14,1116.25
2012-09-17,1117.35
2012-09-18,1118.72
2012-09-19,1115.92
2012-09-20,1122.43
2012-09-21,1119.23
2012-09-24,1119.95
2012-09-25,1119.21
2012-09-26,1120.1
2012-09-27,1116.71
2012-09-28,1113.17
2012-10-01,1114.77
2012-10-02,1112.58
2012-10-03,1114.3
2012-10-04,1113.22
2012-10-05,1110.7
2012-10-08,1112.84
2012-10-09,1111.16
2012-10-10,1114.57
2012-10-11,1113.61
2012-10-12,1111.3
2012-10-15,1110.03
2012-10-16,1106.78
2012-10-17,1105.55
2012-10-18,1104.54
2012-10-19,1104.08
2012-10-22,1103.78
2012-10-23,1103.39
2012-10-24,1103.76
2012-10-25,1097.03
2012-10-26,1097.69
2012-10-29,1097.95
2012-10-30,1091.43
2012-10-31,1090.73
2012-11-01,1091.38
2012-11-02,1091.5
2012-11-05,1092.85
2012-11-06,1090.75
2012-11-07,1086.1
2012-11-08,1089.86
2012-11-09,1089.03
2012-11-12,1088.56
2012-11-13,1090.38
2012-11-14,1085.06
2012-11-15,1088.19
2012-11-16,1091.26
2012-11-19,1086.75
2012-11-20,1083.62
2012-11-21,1083.21
2012-11-22,1085.67
2012-11-23,1086.54
2012-11-26,1086.25
2012-11-27,1085.5
2012-11-28,1088.55
2012-11-29,1083.22
2012-11-30,1082.94
2012-12-03,1082.9
2012-12-04,1084.06
2012-12-05,1082.33
2012-12-06,1084.16
2012-12-07,1083.05
2012-12-10,1078.62
2012-12-11,1075.75
2012-12-12,1073.71
2012-12-13,1073.96
2012-12-14,1074.87
2012-12-17,1072.57
2012-12-18,1072.47
2012-12-19,1072.1
2012-12-20,1074.75
2012-12-21,1076.12
2012-12-24,1074.06
2012-12-27,1072.23
2012-12-28,1067.56
2012-12-31,1065.81
2013-01-02,1062.47
2013-01-03,1062.59
2013-01-04,1064.15
2013-01-07,1063.19
2013-01-08,1062.69
2013-01-09,1061.07
2013-01-10,1059.54
2013-01-11,1055.54
2013-01-14,1056.51
2013-01-15,1056.77
2013-01-16,1059.65
2013-01-17,1056.66
2013-01-18,1058.45
2013-01-21,1064.05
2013-01-22,1063.5
2013-01-23,1066.69
2013-01-24,1068.77
2013-01-25,1077.4
2013-01-28,1090.84
2013-01-29,1085.41
2013-01-30,1087.48
2013-01-31,1086.42
2013-02-01,1094.94
2013-02-04,1090.63
2013-02-05,1087.75
2013-02-06,1090.66
2013-02-07,1091.86
2013-02-08,1093.02
2013-02-11,1093.88
2013-02-12,1093.29
2013-02-13,1086.73
2013-02-14,1084.96
2013-02-15,1080.79
2013-02-18,1083.31
2013-02-19,1080.29
2013-02-20,1079.15
2013-02-21,1088.64
2013-02-22,1085.31
2013-02-25,1085.01
2013-02-26,1090.1
2013-02-27,1085.22
2013-02-28,1084.4
2013-03-01,1088.89
2013-03-04,1091.18
2013-03-05,1088.46
2013-03-06,1083.77
2013-03-07,1087.97
2013-03-08,1090.32
2013-03-11,1097.74
2013-03-12,1095.21
2013-03-13,1104.52
2013-03-14,1111.83
2013-03-15,1110.26
2013-03-18,1113.03
2013-03-19,1112.88
2013-03-20,1114.7
2013-03-21,1114.14
2013-03-22,1119.44
2013-03-25,1109.8
2013-03-26,1107.74
2013-03-27,1112.68
2013-03-28,1112.87
2013-04-02,1118.57
2013-04-03,1116.91
2013-04-04,1127.91
2013-04-05,1132.76
2013-04-08,1143.52
2013-04-09,1139.09
2013-04-10,1131.45
2013-04-11,1129.18
2013-04-12,1129.98
2013-04-15,1121.09
2013-04-16,1114.39
2013-04-17,1119.77
2013-04-18,1120.14
2013-04-19,1119.88
2013-04-22,1119.84
2013-04-23,1119.2
2013-04-24,1117.79
2013-04-25,1110.8
2013-04-26,1111.92
2013-04-29,1106.07
2013-04-30,1101.9
2013-05-02,1101.39
2013-05-03,1096.41
2013-05-06,1095.16
2013-05-07,1091.14
2013-05-08,1082.26
2013-05-09,1091.48
2013-05-10,1106.02
2013-05-13,1112.14
2013-05-14,1110.43
2013-05-15,1116.87
2013-05-16,1118.57
2013-05-17,1117.29
2013-05-20,1118.8
2013-05-21,1110.86
2013-05-22,1114.88
2013-05-23,1128.92
2013-05-24,1126.97
2013-05-27,1122.51
2013-05-28,1126.44
2013-05-29,1132.59
2013-05-30,1129.98
2013-05-31,1130.9
2013-06-03,1127.84
2013-06-04,1121.76
2013-06-05,1119.96
2013-06-06,1116.98
2013-06-07,1117.31
2013-06-10,1133.64
2013-06-11,1132.76
2013-06-12,1128.41
2013-06-13,1134.49
2013-06-14,1126.53
2013-06-17,1126.95
2013-06-18,1134.31
2013-06-19,1130.25
2013-06-20,1154.53
2013-06-21,1154.42
2013-06-24,1162.4
2013-06-25,1152.72
2013-06-26,1156.95
2013-06-27,1147.57
2013-06-28,1142.39
2013-07-01,1135.38
2013-07-02,1135.39
2013-07-03,1144.12
2013-07-04,1139.8
2013-07-05,1142.16
2013-07-08,1148.37
2013-07-09,1142.48
2013-07-10,1136.59
2013-07-11,1124.79
2013-07-12,1125.79
2013-07-15,1123.18
2013-07-16,1117.71
2013-07-17,1118.38
2013-07-18,1124.56
2013-07-19,1121.37
2013-07-22,1118.71
2013-07-23,1117.48
2013-07-24,1113.17
2013-07-25,1116.53
2013-07-26,1113.17
2013-07-29,1112.87
2013-07-30,1115.27
2013-07-31,1122.4
2013-08-01,1123.01
2013-08-02,1124.69
2013-08-05,1113.37
2013-08-06,1114.69
2013-08-07,1117.0
2013-08-08,1113.0
2013-08-09,1111.02
2013-08-12,1115.1
2013-08-13,1116.21
2013-08-14,1119.38
2013-08-15,1118.64
2013-08-16,1113.29
2013-08-19,1118.15
2013-08-20,1119.47
2013-08-21,1116.94
2013-08-22,1121.8
2013-08-23,1115.25
2013-08-26,1113.28
2013-08-27,1117.42
2013-08-28,1117.58
2013-08-29,1112.61
2013-08-30,1109.86
2013-09-02,1097.65
2013-09-03,1100.01
2013-09-04,1094.37
2013-09-05,1097.29
2013-09-06,1092.86
2013-09-09,1084.25
2013-09-10,1085.7
2013-09-11,1084.41
2013-09-12,1084.26
2013-09-13,1086.85
2013-09-16,1081.49
2013-09-17,1082.75
2013-09-18,1080.97
2013-09-19,1073.23
2013-09-20,1078.64
2013-09-23,1075.56
2013-09-24,1074.94
2013-09-25,1077.1
2013-09-26,1077.32
2013-09-27,1076.09
2013-09-30,1075.04
2013-10-01,1074.6
2013-10-02,1074.91
2013-10-03,1070.99
2013-10-04,1072.63
2013-10-07,1072.39
2013-10-08,1074.04
2013-10-09,1075.75
2013-10-10,1072.49
2013-10-11,1070.8
2013-10-14,1072.37
2013-10-15,1066.87
2013-10-16,1067.83
2013-10-17,1062.73
2013-10-18,1061.01
2013-10-21,1062.26
2013-10-22,1061.16
2013-10-23,1058.62
2013-10-24,1061.46
2013-10-25,1063.28
2013-10-28,1061.31
2013-10-29,1062.73
2013-10-30,1059.11
2013-10-31,1060.44
2013-11-01,1062.03
2013-11-04,1062.61
2013-11-05,1061.0
2013-11-06,1060.31
2013-11-07,1061.72
2013-11-08,1062.85
2013-11-11,1072.55
2013-11-12,1073.02
2013-11-13,1072.33
2013-11-14,1069.87
2013-11-15,1063.74
2013-11-18,1056.25
2013-11-19,1055.55
2013-11-20,1056.89
2013-11-21,1062.51
2013-11-22,1061.44
2013-11-25,1060.23
2013-11-26,1060.89
2013-11-27,1064.46
2013-11-28,1061.26
2013-11-29,1058.2
2013-12-02,1058.28
2013-12-03,1060.79
2013-12-04,1061.45
2013-12-05,1060.46
2013-12-06,1057.03
2013-12-09,1049.85
2013-12-10,1050.37
2013-12-11,1050.85
2013-12-12,1051.42
2013-12-13,1053.97
2013-12-16,1053.03
2013-12-17,1053.22
2013-12-18,1053.4
2013-12-19,1060.89
2013-12-20,1061.92
2013-12-23,1060.89
2013-12-24,1059.28
2013-12-27,1054.5
2013-12-30,1055.11
2013-12-31,1052.08
2014-01-02,1051.49
2014-01-03,1055.21
2014-01-06,1065.29
2014-01-07,1067.02
2014-01-08,1066.93
2014-01-09,1063.34
2014-01-10,1062.4
2014-01-13,1057.87
2014-01-14,1060.42
2014-01-15,1062.96
2014-01-16,1064.4
2014-01-17,1061.26
2014-01-20,1063.86
2014-01-21,1069.93
2014-01-22,1069.3
2014-01-23,1074.64
2014-01-24,1084.52
2014-01-27,1081.58
2014-01-28,1078.42
2014-01-29,1075.19
2014-01-30,1082.61
2014-01-31,1083.33
2014-02-03,1084.33
2014-02-04,1081.64
2014-02-05,1078.1
2014-02-06,1077.97
2014-02-07,1075.19
2014-02-10,1071.62
2014-02-11,1065.85
2014-02-12,1062.4
2014-02-13,1065.46
2014-02-14,1060.12
2014-02-17,1060.52
2014-02-18,1065.86
2014-02-19,1067.3
2014-02-20,1075.8
2014-02-21,1072.1
2014-02-24,1074.32
2014-02-25,1073.21
2014-02-26,1068.29
2014-02-27,1069.26
2014-02-28,1066.58
2014-03-03,1070.12
2014-03-04,1070.94
2014-03-05,1070.98
2014-03-06,1064.95
2014-03-07,1062.21
2014-03-10,1066.6
2014-03-11,1065.24
2014-03-12,1070.8
2014-03-13,1067.59
2014-03-14,1071.73
2014-03-17,1067.84
2014-03-18,1070.33
2014-03-19,1070.06
2014-03-20,1082.22
2014-03-21,1080.29
2014-03-24,1077.27
2014-03-25,1078.77
2014-03-26,1074.91
2014-03-27,1070.55
2014-03-28,1068.45
2014-03-31,1063.23
2014-04-01,1058.77
2014-04-02,1057.84
2014-04-03,1057.93
2014-04-04,1054.39
2014-04-07,1055.95
2014-04-08,1049.29
2014-04-09,1038.32
2014-04-10,1036.53
2014-04-11,1040.77
2014-04-14,1041.19
2014-04-15,1041.14
2014-04-16,1038.42
2014-04-17,1038.83
2014-04-22,1039.35
2014-04-23,1041.85
2014-04-24,1040.48
2014-04-25,1040.94
2014-04-28,1034.91
2014-04-29,1029.94
2014-04-30,1032.74
2014-05-02,1030.33
2014-05-05,1028.72
2014-05-06,1026.76
2014-05-07,1023.16
2014-05-08,1022.48
2014-05-09,1025.62
2014-05-12,1024.82
2014-05-13,1022.5
2014-05-14,1027.71
2014-05-15,1026.27
2014-05-16,1024.81
2014-05-19,1022.0
2014-05-20,1025.22
2014-05-21,1026.95
2014-05-22,1024.82
2014-05-23,1024.86
2014-05-26,1024.31
2014-05-27,1023.84
2014-05-28,1021.99
2014-05-29,1020.39
2014-05-30,1020.96
2014-06-02,1024.05
2014-06-03,1023.7
2014-06-04,1025.58
2014-06-05,1021.57
2014-06-06,1020.39
2014-06-09,1015.85
2014-06-10,1017.21
2014-06-11,1017.17
2014-06-12,1017.06
2014-06-13,1019.4
2014-06-16,1020.37
2014-06-17,1022.24
2014-06-18,1022.21
2014-06-19,1018.45
2014-06-20,1020.7
2014-06-23,1018.87
2014-06-24,1018.5
2014-06-25,1019.44
2014-06-26,1016.35
2014-06-27,1013.92
2014-06-30,1011.89
2014-07-01,1011.51
2014-07-02,1009.02
2014-07-03,1009.07
2014-07-04,1010.13
2014-07-07,1011.7
2014-07-08,1012.5
2014-07-09,1012.51
2014-07-10,1014.86
2014-07-11,1019.4
2014-07-14,1018.9
2014-07-15,1026.93
2014-07-16,1029.58
2014-07-17,1028.16
2014-07-18,1029.6
2014-07-21,1026.97
2014-07-22,1025.41
2014-07-23,1024.08
2014-07-24,1028.77
2014-07-25,1026.87
2014-07-28,1026.58
2014-07-29,1025.21
2014-07-30,1024.71
2014-07-31,1030.35
2014-08-01,1037.13
2014-08-04,1032.82
2014-08-05,1031.69
2014-08-06,1035.58
2014-08-07,1036.28
2014-08-08,1031.71
2014-08-11,1030.34
2014-08-12,1028.28
2014-08-13,1030.04
2014-08-14,1020.52
2014-08-15,1017.59
2014-08-18,1017.57
2014-08-19,1018.39
2014-08-20,1022.48
2014-08-21,1022.7
2014-08-22,1018.54
2014-08-25,1020.07
2014-08-26,1016.64
2014-08-27,1014.43
2014-08-28,1015.49
2014-08-29,1014.54
2014-09-01,1012.87
2014-09-02,1018.59
2014-09-03,1019.83
2014-09-04,1018.49
2014-09-05,1025.43
2014-09-08,1025.84
2014-09-09,1034.77
2014-09-10,1034.49
2014-09-11,1037.66
2014-09-12,1035.05
2014-09-15,1038.7
2014-09-16,1036.11
2014-09-17,1035.67
2014-09-18,1045.3
2014-09-19,1042.64
2014-09-22,1043.43
2014-09-23,1039.71
2014-09-24,1038.55
2014-09-25,1042.99
2014-09-26,1044.89
2014-09-29,1056.5
2014-09-30,1057.25
2014-10-01,1065.14
2014-10-02,1062.23
2014-10-03,1061.06
2014-10-06,1067.31
2014-10-07,1069.29
2014-10-08,1075.98
2014-10-09,1062.99
2014-10-10,1075.03
2014-10-13,1066.45
2014-10-14,1065.49
2014-10-15,1062.1
2014-10-16,1065.29
2014-10-17,1062.31
2014-10-20,1059.01
2014-10-21,1054.68
2014-10-22,1051.43
2014-10-23,1056.92
2014-10-24,1057.12
2014-10-27,1052.36
2014-10-28,1048.2
2014-10-29,1046.59
2014-10-30,1056.0
2014-10-31,1072.68
2014-11-03,1077.32
2014-11-04,1077.81
2014-11-05,1090.41
2014-11-06,1087.01
2014-11-07,1094.5
2014-11-10,1085.64
2014-11-11,1096.7
2014-11-12,1095.15
2014-11-13,1092.77
2014-11-14,1103.34
2014-11-17,1096.46
2014-11-18,1098.04
2014-11-19,1109.88
2014-11-20,1114.08
2014-11-21,1111.45
2014-11-24,1116.41
2014-11-25,1109.93
2014-11-26,1108.34
2014-11-27,1099.67
2014-11-28,1109.97
2014-12-01,1107.87
2014-12-02,1112.56
2014-12-03,1114.14
2014-12-04,1115.7
2014-12-05,1114.54
2014-12-08,1115.72
2014-12-09,1108.29
2014-12-10,1105.5
2014-12-11,1101.17
2014-12-12,1102.18
2014-12-15,1101.67
2014-12-16,1080.07
2014-12-17,1095.23
2014-12-18,1096.59
2014-12-19,1099.37
2014-12-22,1096.19
2014-12-23,1102.58
2014-12-24,1102.83
2014-12-29,1099.51
2014-12-30,1097.2
2014-12-31,1091.18
2015-01-02,1106.24
2015-01-05,1110.98
2015-01-06,1100.99
2015-01-07,1102.43
2015-01-08,1097.57
2015-01-09,1092.26
2015-01-12,1085.42
2015-01-13,1082.8
2015-01-14,1085.23
2015-01-15,1078.71
2015-01-16,1077.58
2015-01-19,1078.01
2015-01-20,1087.84
2015-01-21,1082.88
2015-01-22,1083.99
2015-01-23,1079.57
2015-01-26,1082.39
2015-01-27,1078.83
2015-01-28,1085.83
2015-01-29,1096.13
2015-01-30,1102.64
2015-02-02,1101.79
2015-02-03,1099.91
2015-02-04,1086.18
2015-02-05,1089.54
2015-02-06,1087.5
2015-02-09,1096.9
2015-02-10,1095.15
2015-02-11,1104.99
2015-02-12,1108.49
2015-02-13,1099.65
2015-02-16,1102.06
2015-02-17,1105.95
2015-02-18,1114.16
2015-02-19,1113.23
2015-02-20,1110.73
2015-02-23,1109.43
2015-02-24,1113.74
2015-02-25,1100.73
2015-02-26,1096.23
2015-02-27,1099.79
2015-03-02,1100.61
2015-03-03,1097.47
2015-03-04,1098.88
2015-03-05,1101.13
2015-03-06,1098.08
2015-03-09,1113.45
2015-03-10,1123.73
2015-03-11,1128.04
2015-03-12,1120.12
2015-03-13,1134.3
2015-03-16,1132.25
2015-03-17,1126.43
2015-03-18,1129.43
2015-03-19,1121.91
2015-03-20,1120.97
2015-03-23,1107.5
2015-03-24,1104.49
2015-03-25,1099.88
2015-03-26,1104.66
2015-03-27,1104.85
2015-03-30,1107.46
2015-03-31,1108.45
2015-04-01,1104.3
2015-04-02,1092.62
2015-04-07,1090.88
2015-04-08,1090.58
2015-04-09,1090.95
2015-04-10,1095.48
2015-04-13,1102.45
2015-04-14,1095.17
2015-04-15,1096.04
2015-04-16,1087.26
2015-04-17,1079.26
2015-04-20,1082.02
2015-04-21,1083.01
2015-04-22,1077.75
2015-04-23,1083.96
2015-04-24,1078.25
2015-04-27,1074.09
2015-04-28,1068.16
2015-04-29,1071.75
2015-04-30,1072.21
2015-05-04,1082.03
2015-05-05,1083.67
2015-05-06,1082.67
2015-05-07,1091.58
2015-05-08,1093.56
2015-05-11,1094.63
2015-05-12,1095.52
2015-05-13,1095.29
2015-05-14,1090.6
2015-05-15,1089.76
2015-05-18,1086.08
2015-05-19,1090.6
2015-05-20,1095.75
2015-05-21,1094.16
2015-05-22,1091.14
2015-05-25,1097.11
2015-05-26,1104.72
2015-05-27,1109.38
2015-05-28,1108.94
2015-05-29,1112.41
2015-06-01,1112.14
2015-06-02,1114.18
2015-06-03,1107.81
2015-06-04,1110.65
2015-06-05,1114.05
2015-06-08,1121.73
2015-06-09,1118.93
2015-06-10,1112.69
2015-06-11,1114.88
2015-06-12,1115.4
2015-06-15,1117.4
2015-06-16,1119.97
2015-06-17,1120.08
2015-06-18,1103.31
2015-06-19,1106.09
2015-06-22,1100.94
2015-06-23,1105.81
2015-06-24,1109.71
2015-06-25,1111.3
2015-06-26,1123.45
2015-06-29,1122.5
2015-06-30,1118.3
2015-07-01,1123.31
2015-07-02,1125.13
2015-07-03,1123.66
2015-07-06,1128.22
2015-07-07,1132.94
2015-07-08,1133.43
2015-07-09,1130.17
2015-07-10,1126.85
2015-07-13,1133.45
2015-07-14,1141.63
2015-07-15,1143.57
2015-07-16,1148.65
2015-07-17,1147.05
2015-07-20,1156.0
2015-07-21,1153.0
2015-07-22,1153.46
2015-07-23,1158.92
2015-07-24,1174.12
2015-07-27,1169.64
2015-07-28,1164.47
2015-07-29,1157.87
2015-07-30,1173.17
2015-07-31,1173.89
2015-08-03,1170.64
2015-08-04,1161.74
2015-08-05,1169.93
2015-08-06,1167.13
2015-08-07,1163.02
2015-08-10,1163.4
2015-08-11,1179.92
2015-08-12,1174.66
2015-08-13,1178.45
2015-08-14,1176.96
2015-08-17,1185.62
2015-08-18,1182.59
2015-08-19,1185.39
2015-08-20,1191.57
2015-08-21,1193.52
2015-08-24,1208.36
2015-08-25,1179.34
2015-08-26,1187.13
2015-08-27,1179.43
2015-08-28,1177.85
2015-08-31,1183.2
2015-09-01,1176.11
2015-09-02,1184.15
2015-09-03,1191.58
2015-09-04,1188.66
2015-09-07,1201.91
2015-09-08,1195.19
2015-09-09,1189.94
2015-09-10,1186.5
2015-09-11,1183.22
2015-09-14,1181.57
2015-09-15,1179.81
2015-09-16,1174.81
2015-09-17,1162.91
2015-09-18,1163.85
2015-09-21,1178.19
2015-09-22,1185.25
2015-09-23,1191.25
2015-09-24,1195.85
2015-09-25,1189.96
2015-09-28,1194.37
2015-09-29,1194.78
2015-09-30,1185.64
2015-10-01,1178.48
2015-10-02,1181.77
2015-10-05,1161.32
2015-10-06,1168.31
2015-10-07,1153.66
2015-10-08,1160.02
2015-10-09,1142.45
2015-10-12,1141.55
2015-10-13,1150.81
2015-10-14,1147.2
2015-10-15,1121.51
2015-10-16,1130.99
2015-10-19,1129.95
2015-10-20,1128.93
2015-10-21,1138.5
2015-10-22,1135.8
2015-10-23,1127.15
2015-10-26,1132.85
2015-10-27,1136.82
2015-10-28,1131.98
2015-10-29,1145.25
2015-10-30,1138.22
2015-11-02,1137.26
2015-11-03,1134.74
2015-11-04,1131.12
2015-11-05,1140.0
2015-11-06,1144.39
2015-11-09,1161.17
2015-11-10,1159.61
2015-11-11,1155.76
2015-11-12,1161.54
2015-11-13,1167.85
2015-11-16,1172.79
2015-11-17,1168.76
2015-11-18,1169.98
2015-11-19,1161.73
2015-11-20,1155.0
2015-11-23,1158.89
2015-11-24,1154.31
2015-11-25,1144.8
2015-11-26,1148.99
2015-11-27,1154.78
2015-11-30,1157.21
2015-12-01,1159.43
2015-12-02,1163.74
2015-12-03,1162.25
2015-12-04,1163.36
2015-12-07,1169.4
2015-12-08,1183.47
2015-12-09,1181.94
2015-12-10,1176.43
2015-12-11,1188.06
2015-12-14,1187.95
2015-12-15,1175.92
2015-12-16,1175.42
2015-12-17,1186.1
2015-12-18,1181.4
2015-12-21,1177.6
2015-12-22,1171.75
2015-12-23,1174.29
2015-12-24,1168.72
2015-12-28,1168.43
2015-12-29,1170.72
2015-12-30,1175.9
2015-12-31,1176.43
2016-01-04,1190.92
2016-01-05,1188.37
2016-01-06,1200.15
2016-01-07,1202.49
2016-01-08,1201.34
2016-01-11,1202.35
2016-01-12,1207.89
2016-01-13,1203.01
2016-01-14,1212.49
2016-01-15,1217.67
2016-01-18,1209.55
2016-01-19,1202.51
2016-01-20,1216.15
2016-01-21,1213.29
2016-01-22,1196.18
2016-01-25,1196.05
2016-01-26,1203.12
2016-01-27,1202.19
2016-01-28,1207.34
2016-01-29,1207.51
2016-02-01,1204.0
2016-02-02,1211.26
2016-02-03,1216.38
2016-02-04,1192.89
2016-02-05,1190.76
2016-02-08,1210.17
2016-02-09,1207.05
2016-02-10,1190.7
2016-02-11,1201.05
2016-02-12,1206.19
2016-02-15,1209.44
2016-02-16,1216.82
2016-02-17,1228.66
2016-02-18,1228.98
2016-02-19,1233.5
2016-02-22,1225.46
2016-02-23,1230.19
2016-02-24,1238.12
2016-02-25,1239.45
2016-02-26,1236.0
2016-02-29,1237.64
2016-03-01,1232.58
2016-03-02,1229.08
2016-03-03,1213.29
2016-03-04,1203.08
2016-03-07,1204.23
2016-03-08,1205.9
2016-03-09,1211.73
2016-03-10,1200.05
2016-03-11,1190.16
2016-03-14,1186.05
2016-03-15,1194.35
2016-03-16,1194.85
2016-03-17,1160.68
2016-03-18,1158.0
2016-03-21,1160.54
2016-03-22,1161.3
2016-03-23,1164.25
2016-03-24,1167.48
2016-03-29,1167.29
2016-03-30,1142.41
2016-03-31,1137.36
2016-04-01,1150.96
2016-04-04,1149.55
2016-04-05,1158.77
2016-04-06,1162.98
2016-04-07,1159.89
2016-04-08,1153.24
2016-04-11,1147.1
2016-04-12,1143.28
2016-04-13,1149.0
2016-04-14,1154.04
2016-04-15,1147.75
2016-04-18,1149.5
2016-04-19,1126.05
2016-04-20,1129.31
2016-04-21,1132.86
2016-04-22,1143.04
2016-04-25,1146.54
2016-04-26,1151.01
2016-04-27,1149.72
2016-04-28,1140.64
2016-04-29,1141.39
2016-05-02,1137.95
2016-05-03,1144.22
2016-05-04,1163.09
2016-05-05,1166.14
2016-05-06,1172.35
2016-05-09,1173.64
2016-05-10,1173.62
2016-05-11,1168.19
2016-05-12,1169.17
2016-05-13,1172.81
2016-05-16,1179.71
2016-05-17,1176.59
2016-05-18,1188.32
2016-05-19,1190.94
2016-05-20,1187.29
2016-05-23,1185.72
2016-05-24,1190.29
2016-05-25,1181.73
2016-05-26,1180.04
2016-05-27,1179.24
2016-05-30,1190.94
2016-05-31,1188.91
2016-06-01,1191.63
2016-06-02,1188.19
2016-06-03,1185.59
2016-06-06,1165.74
2016-06-07,1155.87
2016-06-08,1152.56
2016-06-09,1160.68
2016-06-10,1164.31
2016-06-13,1173.79
2016-06-14,1179.74
2016-06-15,1171.93
2016-06-16,1177.55
2016-06-17,1171.33
2016-06-20,1158.04
2016-06-21,1152.6
2016-06-22,1150.07
2016-06-23,1145.38
2016-06-24,1171.96
2016-06-27,1184.68
2016-06-28,1168.78
2016-06-29,1157.03
2016-06-30,1151.58
2016-07-01,1145.72
2016-07-04,1148.17
2016-07-05,1157.26
2016-07-06,1164.6
2016-07-07,1155.8
2016-07-08,1157.1
2016-07-11,1148.32
2016-07-12,1146.14
2016-07-13,1143.05
2016-07-14,1131.35
2016-07-15,1132.33
2016-07-18,1137.79
2016-07-19,1139.65
2016-07-20,1141.43
2016-07-21,1138.07
2016-07-22,1136.0
2016-07-25,1138.65
2016-07-26,1135.96
2016-07-27,1134.72
2016-07-28,1128.2
2016-07-29,1121.96
2016-08-01,1107.32
2016-08-02,1106.96
2016-08-03,1117.27
2016-08-04,1115.19
2016-08-05,1109.47
2016-08-08,1108.85
2016-08-09,1105.49
2016-08-10,1094.0
2016-08-11,1100.13
2016-08-12,1106.1
2016-08-15,1099.34
2016-08-16,1091.11
2016-08-17,1111.17
2016-08-18,1110.39
2016-08-19,1120.56
2016-08-22,1123.51
2016-08-23,1116.22
2016-08-24,1122.61
2016-08-25,1116.32
2016-08-26,1114.28
2016-08-29,1123.28
2016-08-30,1114.32
2016-08-31,1117.19
2016-09-01,1121.79
2016-09-02,1115.8
2016-09-05,1106.45
2016-09-06,1105.62
2016-09-07,1090.1
2016-09-08,1089.65
2016-09-09,1104.17
2016-09-12,1115.56
2016-09-13,1123.35
2016-09-14,1125.99
2016-09-15,1126.61
2016-09-16,1125.64
2016-09-19,1119.71
2016-09-20,1119.81
2016-09-21,1112.65
2016-09-22,1101.9
2016-09-23,1102.0
2016-09-26,1106.47
2016-09-27,1098.65
2016-09-28,1097.34
2016-09-29,1100.78
2016-09-30,1101.84
2016-10-03,1101.11
2016-10-04,1109.36
2016-10-05,1115.25
2016-10-06,1116.87
2016-10-07,1115.83
2016-10-10,1111.65
2016-10-11,1123.85
2016-10-12,1124.92
2016-10-13,1134.14
2016-10-14,1132.58
2016-10-17,1139.88
2016-10-18,1126.42
2016-10-19,1123.85
2016-10-20,1126.93
2016-10-21,1137.82
2016-10-24,1133.31
2016-10-25,1131.93
2016-10-26,1135.85
2016-10-27,1143.19
2016-10-28,1145.4
2016-10-31,1146.44
2016-11-01,1141.44
2016-11-02,1143.27
2016-11-03,1144.29
2016-11-04,1144.33
2016-11-07,1143.27
2016-11-08,1135.85
2016-11-09,1152.83
2016-11-10,1160.97
2016-11-11,1164.89
2016-11-14,1172.86
2016-11-15,1165.95
2016-11-16,1175.82
2016-11-17,1176.79
2016-11-18,1176.16
2016-11-21,1177.08
2016-11-22,1174.44
2016-11-23,1177.33
2016-11-24,1181.71
2016-11-25,1177.33
2016-11-28,1174.52
2016-11-29,1173.77
2016-11-30,1172.89
2016-12-01,1168.38
2016-12-02,1172.11
2016-12-05,1172.19
2016-12-06,1169.38
2016-12-07,1162.69
2016-12-08,1161.52
2016-12-09,1171.51
2016-12-12,1168.11
2016-12-13,1166.71
2016-12-14,1166.01
2016-12-15,1186.13
2016-12-16,1187.4
2016-12-19,1188.79
2016-12-20,1194.95
2016-12-21,1193.62
2016-12-22,1203.76
2016-12-23,1203.9
2016-12-27,1207.26
2016-12-28,1213.32
2016-12-29,1209.46
2016-12-30,1204.21
2017-01-02,1207.69
2017-01-03,1206.96
2017-01-04,1199.48
2017-01-05,1191.11
2017-01-06,1191.2
2017-01-09,1204.19
2017-01-10,1200.98
2017-01-11,1200.22
2017-01-12,1175.58
2017-01-13,1173.86
2017-01-16,1183.36
2017-01-17,1168.86
2017-01-18,1171.6
2017-01-19,1177.26
2017-01-20,1176.32
2017-01-23,1168.15
2017-01-24,1165.12
2017-01-25,1164.9
2017-01-26,1166.49
2017-01-27,1174.01
2017-01-30,1178.05
2017-01-31,1157.38
2017-02-01,1156.5
2017-02-02,1141.95
2017-02-03,1147.24
2017-02-06,1136.3
2017-02-07,1147.08
2017-02-08,1144.53
2017-02-09,1144.01
2017-02-10,1150.21
2017-02-13,1150.92
2017-02-14,1136.81
2017-02-15,1141.97
2017-02-16,1139.45
2017-02-17,1150.01
2017-02-20,1147.65
2017-02-21,1147.1
2017-02-22,1142.66
2017-02-23,1135.24
2017-02-24,1129.43
2017-02-27,1133.51
2017-02-28,1126.96
2017-03-01,1143.96
2017-03-02,1145.42
2017-03-03,1153.48
2017-03-06,1154.42
2017-03-07,1149.5
2017-03-08,1152.29
2017-03-09,1158.52
2017-03-10,1156.21
2017-03-13,1146.92
2017-03-14,1149.91
2017-03-15,1146.0
2017-03-16,1127.32
2017-03-17,1129.92
2017-03-20,1115.66
2017-03-21,1118.32
2017-03-22,1119.72
2017-03-23,1119.4
2017-03-24,1120.19
2017-03-27,1109.33
2017-03-28,1113.46
2017-03-29,1112.66
2017-03-30,1116.77
2017-03-31,1117.33
2017-04-03,1117.24
2017-04-04,1124.9
2017-04-05,1126.35
2017-04-06,1131.11
2017-04-07,1134.85
2017-04-10,1142.16
2017-04-11,1144.03
2017-04-12,1140.27
2017-04-13,1131.64
2017-04-18,1143.09
2017-04-19,1139.79
2017-04-20,1136.28
2017-04-21,1135.79
2017-04-24,1128.52
2017-04-25,1127.79
2017-04-26,1130.9
2017-04-27,1134.39
2017-04-28,1137.87
2017-05-02,1130.23
2017-05-03,1131.53
2017-05-04,1135.87
2017-05-05,1141.44
2017-05-08,1133.01
2017-05-09,1137.91
2017-05-10,1134.88
2017-05-11,1128.51
2017-05-12,1127.73
2017-05-15,1117.0
2017-05-16,1116.52
2017-05-17,1119.72
2017-05-18,1132.91
2017-05-19,1119.54
2017-05-22,1117.21
2017-05-23,1123.95
2017-05-24,1122.76
2017-05-25,1119.8
2017-05-26,1118.1
2017-05-29,1121.06
2017-05-30,1124.13
2017-05-31,1118.45
2017-06-01,1121.67
2017-06-02,1123.25
2017-06-05,1118.58
2017-06-06,1120.16
2017-06-07,1124.55
2017-06-08,1123.36
2017-06-09,1124.32
2017-06-12,1131.96
2017-06-13,1128.63
2017-06-14,1125.1
2017-06-15,1131.17
2017-06-16,1133.12
2017-06-19,1133.82
2017-06-20,1139.97
2017-06-21,1142.11
2017-06-22,1142.41
2017-06-23,1137.71
2017-06-26,1136.53
2017-06-27,1138.31
2017-06-28,1143.39
2017-06-29,1142.63
2017-06-30,1143.15
2017-07-03,1148.66
2017-07-04,1151.77
2017-07-05,1154.37
2017-07-06,1157.17
2017-07-07,1155.01
2017-07-10,1149.87
2017-07-11,1150.59
2017-07-12,1145.84
2017-07-13,1137.51
2017-07-14,1134.56
2017-07-17,1127.51
2017-07-18,1124.09
2017-07-19,1122.23
2017-07-20,1124.53
2017-07-21,1118.63
2017-07-24,1115.32
2017-07-25,1116.69
2017-07-26,1119.81
2017-07-27,1114.57
2017-07-28,1123.39
2017-07-31,1122.17
2017-08-01,1122.16
2017-08-02,1123.87
2017-08-03,1126.93
2017-08-04,1124.13
2017-08-07,1129.57
2017-08-08,1125.63
2017-08-09,1138.68
2017-08-10,1143.21
2017-08-11,1144.47
2017-08-14,1139.65
2017-08-15,1137.97
2017-08-16,1140.03
2017-08-17,1138.71
2017-08-18,1141.39
2017-08-21,1138.97
2017-08-22,1134.26
2017-08-23,1131.61
2017-08-24,1127.72
2017-08-25,1123.86
2017-08-28,1119.97
2017-08-29,1123.67
2017-08-30,1123.16
2017-08-31,1125.77
2017-09-01,1120.27
2017-09-04,1129.84
2017-09-05,1130.06
2017-09-06,1134.81
2017-09-07,1128.45
2017-09-08,1130.61
2017-09-11,1131.75
2017-09-12,1128.01
2017-09-13,1126.94
2017-09-14,1132.07
2017-09-15,1131.01
2017-09-18,1127.28
2017-09-19,1128.94
2017-09-20,1127.21
2017-09-21,1133.53
2017-09-22,1130.99
2017-09-25,1131.99
2017-09-26,1138.16
2017-09-27,1142.24
2017-09-28,1146.33
2017-09-29,1145.04
2017-10-02,1146.05
2017-10-03,1144.34
2017-10-04,1139.11
2017-10-05,1139.2
2017-10-06,1142.15
2017-10-09,1143.46
2017-10-10,1132.7
2017-10-11,1131.95
2017-10-12,1131.8
2017-10-13,1129.45
2017-10-16,1126.91
2017-10-17,1129.47
2017-10-18,1131.4
2017-10-19,1131.62
2017-10-20,1130.54
2017-10-23,1129.81
2017-10-24,1128.99
2017-10-25,1124.63
2017-10-26,1123.47
2017-10-27,1128.3
2017-10-30,1124.71
2017-10-31,1118.32
2017-11-01,1112.22
2017-11-02,1112.01
2017-11-03,1114.13
2017-11-06,1112.04
2017-11-07,1111.55
2017-11-08,1113.31
2017-11-09,1117.72
2017-11-10,1119.32
2017-11-13,1119.6
2017-11-14,1114.91
2017-11-15,1103.22
2017-11-16,1097.26
2017-11-17,1096.3
2017-11-20,1095.92
2017-11-21,1089.5
2017-11-22,1089.6
2017-11-23,1084.19
2017-11-24,1083.91
2017-11-27,1087.23
2017-11-28,1080.44
2017-11-29,1077.93
2017-11-30,1086.39
2017-12-01,1083.27
2017-12-04,1085.48
2017-12-05,1086.23
2017-12-06,1092.92
2017-12-07,1092.78
2017-12-08,1094.64
2017-12-11,1089.87
2017-12-12,1088.96
2017-12-13,1090.72
2017-12-14,1088.0
2017-12-15,1088.2
2017-12-18,1087.1
2017-12-19,1083.72
2017-12-20,1081.97
2017-12-21,1080.88
2017-12-22,1076.81
2017-12-27,1074.17
2017-12-28,1069.52
2017-12-29,1066.96
2018-01-02,1062.24
2018-01-03,1065.78
2018-01-04,1063.52
2018-01-05,1063.68
2018-01-08,1067.29
2018-01-09,1068.4
2018-01-10,1068.17
2018-01-11,1067.1
2018-01-12,1062.49
2018-01-15,1063.57
2018-01-16,1064.92
2018-01-17,1068.3
2018-01-18,1067.93
2018-01-19,1066.44
2018-01-22,1070.33
2018-01-23,1075.88
2018-01-24,1064.87
2018-01-25,1059.41
2018-01-26,1064.39
2018-01-29,1070.15
2018-01-30,1070.16
2018-01-31,1065.29
2018-02-01,1071.08
2018-02-02,1084.83
2018-02-05,1087.33
2018-02-06,1086.78
2018-02-07,1082.61
2018-02-08,1089.92
2018-02-09,1088.72
2018-02-12,1083.18
2018-02-13,1085.09
2018-02-14,1078.06
2018-02-15,1065.2
2018-02-16,1064.87
2018-02-19,1066.86
2018-02-20,1072.69
2018-02-21,1073.77
2018-02-22,1084.44
2018-02-23,1076.81
2018-02-26,1071.56
2018-02-27,1071.87
2018-02-28,1080.93
2018-03-01,1087.41
2018-03-02,1084.18
2018-03-05,1079.62
2018-03-06,1061.09
2018-03-07,1069.27
2018-03-08,1071.84
2018-03-09,1070.3
2018-03-12,1066.62
2018-03-13,1063.86
2018-03-14,1062.31
2018-03-15,1065.24
2018-03-16,1067.74
2018-03-19,1073.33
2018-03-20,1071.14
2018-03-21,1072.13
2018-03-22,1080.32
2018-03-23,1077.51
2018-03-26,1077.26
2018-03-27,1073.74
2018-03-28,1065.87
2018-03-29,1063.95
2018-04-03,1054.49
2018-04-04,1064.23
2018-04-05,1059.88
2018-04-06,1071.56
2018-04-09,1070.13
2018-04-10,1067.47
2018-04-11,1069.61
2018-04-12,1071.05
2018-04-13,1068.65
2018-04-16,1073.83
2018-04-17,1068.71
2018-04-18,1065.19
2018-04-19,1061.52
2018-04-20,1069.35
2018-04-23,1077.24
2018-04-24,1076.44
2018-04-25,1083.8
2018-04-26,1077.05
2018-04-27,1070.27
2018-04-30,1069.66
2018-05-02,1075.66
2018-05-03,1074.85
2018-05-04,1076.38
2018-05-07,1082.25
2018-05-08,1077.42
2018-05-09,1077.15
2018-05-10,1069.83
2018-05-11,1066.76
2018-05-14,1068.35
2018-05-15,1076.43
2018-05-16,1081.55
2018-05-17,1080.56
2018-05-18,1080.87
2018-05-21,1084.16
2018-05-22,1075.06
2018-05-23,1081.95
2018-05-24,1078.42
2018-05-25,1078.84
2018-05-28,1074.23
2018-05-29,1080.21
2018-05-30,1079.27
2018-05-31,1078.08
2018-06-01,1074.79
2018-06-04,1069.17
2018-06-05,1070.95
2018-06-06,1067.11
2018-06-07,1069.97
2018-06-08,1074.92
2018-06-11,1075.62
2018-06-12,1079.18
2018-06-13,1084.56
2018-06-14,1082.3
2018-06-15,1097.73
2018-06-18,1104.42
2018-06-19,1116.62
2018-06-20,1107.26
2018-06-21,1110.06
2018-06-22,1110.71
2018-06-25,1114.49
2018-06-26,1119.19
2018-06-27,1118.18
2018-06-28,1122.57
2018-06-29,1112.3
2018-07-02,1120.26
2018-07-03,1112.79
2018-07-04,1117.68
2018-07-05,1118.01
2018-07-06,1118.15
2018-07-09,1111.1
2018-07-10,1117.25
2018-07-11,1123.71
2018-07-12,1125.85
2018-07-13,1133.47
2018-07-16,1127.07
2018-07-17,1127.3
2018-07-18,1134.22
2018-07-19,1139.7
2018-07-20,1133.43
2018-07-23,1134.3
2018-07-24,1128.35
2018-07-25,1122.73
2018-07-26,1119.68
2018-07-27,1118.43
2018-07-30,1117.76
2018-07-31,1118.6
2018-08-01,1117.82
2018-08-02,1130.0
2018-08-03,1124.54
2018-08-06,1125.59
2018-08-07,1119.95
2018-08-08,1120.53
2018-08-09,1119.67
2018-08-10,1129.14
2018-08-13,1135.2
2018-08-14,1128.0
2018-08-15,1135.49
2018-08-16,1129.78
2018-08-17,1125.78
2018-08-20,1122.32
2018-08-21,1119.62
2018-08-22,1118.24
2018-08-23,1122.51
2018-08-24,1115.3
2018-08-27,1112.71
2018-08-28,1105.61
2018-08-29,1114.3
2018-08-30,1109.76
2018-08-31,1117.42
2018-09-03,1112.1
2018-09-04,1117.57
2018-09-05,1122.22
2018-09-06,1121.51
2018-09-07,1122.75
2018-09-10,1129.11
2018-09-11,1128.51
2018-09-12,1128.5
2018-09-13,1121.24
2018-09-14,1118.94
2018-09-17,1124.97
2018-09-18,1124.31
2018-09-19,1121.76
2018-09-20,1118.72
2018-09-21,1116.1
2018-09-24,1117.06
2018-09-25,1118.24
2018-09-26,1115.44
2018-09-27,1112.0
2018-09-28,1110.7
2018-10-01,1111.63
2018-10-02,1118.01
2018-10-03,1119.93
2018-10-04,1128.73
2018-10-05,1128.32
2018-10-08,1136.76
2018-10-09,1137.75
2018-10-10,1137.17
2018-10-11,1140.99
2018-10-12,1131.17
2018-10-15,1129.1
2018-10-16,1123.6
2018-10-17,1127.04
2018-10-18,1135.64
2018-10-19,1130.0
2018-10-22,1131.68
2018-10-23,1137.66
2018-10-24,1133.68
2018-10-25,1135.6
2018-10-26,1144.26
2018-10-29,1139.93
2018-10-30,1139.56
2018-10-31,1140.75
2018-11-01,1128.5
2018-11-02,1117.85
2018-11-05,1124.6
2018-11-06,1120.84
2018-11-07,1119.74
2018-11-08,1116.84
2018-11-09,1127.07
2018-11-12,1136.37
2018-11-13,1134.19
2018-11-14,1132.15
2018-11-15,1130.46
2018-11-16,1131.5
2018-11-19,1126.83
2018-11-20,1127.71
2018-11-21,1128.11
2018-11-22,1129.1
2018-11-23,1132.09
2018-11-26,1128.1
2018-11-27,1129.21
2018-11-28,1128.26
2018-11-29,1120.2
2018-11-30,1121.61
2018-12-03,1112.28
2018-12-04,1105.3
2018-12-05,1113.61
2018-12-06,1121.51
2018-12-07,1124.5
2018-12-10,1126.84
2018-12-11,1128.54
2018-12-12,1128.7
2018-12-13,1124.4
2018-12-14,1134.4
2018-12-17,1130.6
2018-12-18,1128.9
2018-12-19,1126.0
2018-12-20,1121.9
2018-12-21,1123.8
2018-12-24,1125.18
2018-12-27,1122.3
2018-12-28,1116.95
2018-12-31,1116.1
2019-01-02,1121.8
2019-01-03,1127.22
2019-01-04,1121.75
2019-01-07,1119.4
2019-01-08,1126.42
2019-01-09,1121.05
2019-01-10,1117.5
2019-01-11,1117.8
2019-01-14,1123.07
2019-01-15,1123.3
2019-01-16,1122.45
2019-01-17,1123.8
2019-01-18,1121.5
2019-01-21,1131.3
2019-01-22,1131.56
2019-01-23,1127.83
2019-01-24,1129.69
2019-01-25,1120.1
2019-01-28,1118.6
2019-01-29,1118.3
2019-01-30,1118.19
2019-01-31,1112.1
2019-02-01,1117.02
2019-02-04,1120.6
2019-02-05,1117.7
2019-02-06,1120.84
2019-02-07,1125.0
2019-02-08,1122.83
2019-02-11,1125.3
2019-02-12,1123.61
2019-02-13,1123.4
2019-02-14,1127.43
2019-02-15,1127.28
2019-02-18,1125.8
2019-02-19,1127.59
2019-02-20,1122.79
2019-02-21,1125.25
2019-02-22,1124.24
2019-02-25,1117.74
2019-02-26,1117.86
2019-02-27,1118.45
2019-02-28,1122.17
2019-03-01,1126.35
2019-03-04,1126.12
2019-03-05,1126.85
2019-03-06,1127.86
2019-03-07,1129.58
2019-03-08,1136.7
2019-03-11,1134.19
2019-03-12,1129.83
2019-03-13,1131.66
2019-03-14,1136.45
2019-03-15,1136.05
2019-03-18,1131.96
2019-03-19,1129.73
2019-03-20,1129.08
2019-03-21,1128.8
2019-03-22,1135.03
2019-03-25,1132.95
2019-03-26,1134.45
2019-03-27,1137.55
2019-03-28,1139.16
2019-03-29,1136.15
2019-04-01,1134.96
2019-04-02,1136.38
2019-04-03,1134.35
2019-04-04,1137.42
2019-04-05,1137.4
2019-04-08,1145.39
2019-04-09,1139.45
2019-04-10,1137.59
2019-04-11,1140.95
2019-04-12,1133.29
2019-04-15,1132.65
2019-04-16,1135.05
2019-04-17,1133.22
2019-04-18,1136.84
2019-04-23,1142.07
2019-04-24,1151.07
2019-04-25,1163.15
2019-04-26,1160.93
2019-04-29,1160.54
2019-04-30,1165.99
2019-05-02,1163.17
2019-05-03,1169.95
2019-05-06,1170.8
2019-05-07,1171.06
2019-05-08,1172.55
2019-05-09,1183.04
2019-05-10,1180.16
2019-05-13,1187.95
2019-05-14,1187.6
2019-05-15,1190.48
2019-05-16,1189.12
2019-05-17,1194.4
2019-05-20,1193.8
2019-05-21,1193.33
2019-05-22,1189.96
2019-05-23,1191.68
2019-05-24,1187.35
2019-05-27,1184.9
2019-05-28,1188.25
2019-05-29,1195.14
2019-05-30,1190.92
2019-05-31,1191.2
2019-06-03,1183.24
2019-06-04,1183.65
2019-06-05,1176.45
2019-06-06,1179.57
2019-06-07,1185.33
2019-06-10,1185.49
2019-06-11,1181.52
2019-06-12,1181.5
2019-06-13,1183.22
2019-06-14,1183.84
2019-06-17,1186.8
2019-06-18,1184.91
2019-06-19,1176.6
2019-06-20,1160.56
2019-06-21,1161.55
2019-06-24,1156.55
2019-06-25,1154.08
2019-06-26,1155.48
2019-06-27,1154.9
2019-06-28,1155.84
2019-07-01,1161.57
2019-07-02,1166.53
2019-07-03,1169.79
2019-07-04,1168.95
2019-07-05,1170.9
2019-07-08,1178.84
2019-07-09,1182.55
2019-07-10,1181.11
2019-07-11,1173.27
2019-07-12,1178.97
2019-07-15,1179.34
2019-07-16,1178.78
2019-07-17,1181.17
2019-07-18,1178.05
2019-07-19,1175.06
2019-07-22,1177.3
2019-07-23,1178.75
2019-07-24,1177.26
2019-07-25,1180.53
2019-07-26,1183.15
2019-07-29,1184.3
2019-07-30,1180.97
2019-07-31,1182.18
2019-08-01,1190.25
2019-08-02,1200.65
2019-08-05,1216.1
2019-08-06,1213.3
2019-08-07,1215.62
2019-08-08,1208.93
2019-08-09,1211.15
2019-08-12,1219.0
2019-08-13,1223.67
2019-08-14,1214.25
2019-08-15,1213.55
2019-08-16,1208.56
2019-08-19,1209.71
2019-08-20,1207.82
2019-08-21,1202.98
2019-08-22,1209.95
2019-08-23,1212.1
2019-08-26,1213.4
2019-08-27,1212.56
2019-08-28,1213.99
2019-08-29,1210.27
2019-08-30,1208.06
2019-09-02,1212.15
2019-09-03,1214.96
2019-09-04,1205.26
2019-09-05,1197.23
2019-09-06,1192.27
2019-09-09,1192.78
2019-09-10,1191.91
2019-09-11,1192.71
2019-09-12,1182.94
2019-09-13,1177.0
2019-09-16,1184.05
2019-09-17,1189.6
2019-09-18,1190.83
2019-09-19,1194.22
2019-09-20,1188.79
2019-09-23,1197.33
2019-09-24,1193.91
2019-09-25,1200.5
2019-09-26,1201.23
2019-09-27,1198.4
2019-09-30,1198.3
2019-10-01,1202.57
2019-10-02,1206.59
2019-10-03,1203.4
2019-10-04,1195.3
2019-10-07,1196.4
2019-10-08,1198.26
2019-10-09,1197.31
2019-10-10,1192.99
2019-10-11,1185.01
2019-10-14,1184.9
2019-10-15,1186.07
2019-10-16,1188.67
2019-10-17,1178.96
2019-10-18,1179.41
2019-10-21,1171.61
2019-10-22,1173.25
2019-10-23,1171.85
2019-10-24,1173.01
2019-10-25,1174.82
2019-10-28,1169.93
2019-10-29,1167.97
2019-10-30,1168.03
2019-10-31,1168.07
2019-11-01,1167.15
2019-11-04,1162.32
2019-11-05,1156.13
2019-11-06,1158.07
2019-11-07,1154.89
2019-11-08,1157.02
2019-11-11,1166.56
2019-11-12,1163.68
2019-11-13,1170.41
2019-11-14,1171.11
2019-11-15,1164.89
2019-11-18,1165.48
2019-11-19,1166.39
2019-11-20,1170.53
2019-11-21,1174.93
2019-11-22,1178.4
2019-11-25,1175.47
2019-11-26,1176.83
2019-11-27,1177.11
2019-11-28,1179.46
2019-11-29,1179.94
2019-12-02,1185.27
2019-12-03,1191.54
2019-12-04,1192.31
2019-12-05,1190.45
2019-12-06,1187.41
2019-12-09,1191.23
2019-12-10,1192.33
2019-12-11,1193.23
2019-12-12,1188.28
2019-12-13,1171.44
2019-12-16,1170.53
2019-12-17,1164.11
2019-12-18,1166.5
2019-12-19,1166.32
2019-12-20,1159.39
2019-12-23,1163.45
2019-12-24,1162.19
2019-12-27,1160.6
2019-12-30,1156.81
2019-12-31,1153.89
2020-01-02,1159.87
2020-01-03,1166.52
2020-01-06,1169.22
2020-01-07,1165.84
2020-01-08,1167.22
2020-01-09,1159.57
2020-01-10,1159.5
2020-01-13,1157.73
2020-01-14,1156.76
2020-01-15,1157.08
2020-01-16,1158.45
2020-01-17,1159.86
2020-01-20,1160.2
2020-01-21,1167.9
2020-01-22,1163.93
2020-01-23,1167.75
2020-01-24,1168.21
2020-01-27,1177.63
2020-01-28,1178.74
2020-01-29,1178.67
2020-01-30,1192.31
2020-01-31,1195.8
2020-02-03,1192.05
2020-02-04,1186.41
2020-02-05,1182.05
2020-02-06,1183.11
2020-02-07,1194.07
2020-02-10,1188.39
2020-02-11,1183.96
2020-02-12,1180.14
2020-02-13,1183.42
2020-02-14,1184.05
2020-02-17,1183.85
2020-02-18,1191.51
2020-02-19,1189.58
2020-02-20,1206.48
2020-02-21,1212.34
2020-02-24,1219.45
2020-02-25,1213.73
2020-02-26,1215.9
2020-02-27,1211.08
2020-02-28,1207.05
2020-03-02,1192.1
2020-03-03,1194.2
2020-03-04,1181.99
2020-03-05,1186.21
2020-03-06,1192.33
2020-03-09,1199.99
2020-03-10,1191.5
2020-03-11,1189.19
2020-03-12,1209.43
2020-03-13,1208.02
2020-03-16,1230.92
2020-03-17,1243.13
2020-03-18,1260.11
2020-03-19,1262.98
2020-03-20,1247.45
2020-03-23,1256.7
2020-03-24,1241.95
2020-03-25,1232.86
2020-03-26,1217.07
2020-03-27,1226.48
2020-03-30,1224.87
2020-03-31,1224.01
2020-04-01,1231.24
2020-04-02,1228.57
2020-04-03,1235.81
2020-04-06,1228.84
2020-04-07,1212.12
2020-04-08,1218.25
2020-04-09,1216.98
2020-04-14,1215.48
2020-04-15,1220.34
2020-04-16,1225.67
2020-04-17,1216.88
2020-04-20,1218.71
2020-04-21,1232.2
2020-04-22,1232.78
2020-04-23,1231.71
2020-04-24,1233.88
2020-04-27,1224.49
2020-04-28,1218.9
2020-04-29,1218.95
2020-04-30,1207.33
2020-05-04,1224.64
2020-05-05,1221.81
2020-05-06,1224.65
2020-05-07,1224.32
2020-05-08,1219.6
2020-05-11,1224.66
2020-05-12,1221.38
2020-05-13,1223.98
2020-05-14,1231.63
2020-05-15,1234.12
2020-05-18,1230.08
2020-05-19,1224.83
2020-05-20,1228.06
2020-05-21,1231.45
2020-05-22,1241.3
2020-05-25,1241.64
2020-05-26,1232.1
2020-05-27,1236.5
2020-05-28,1237.98
2020-05-29,1235.82
2020-06-01,1227.46
2020-06-02,1221.07
2020-06-03,1218.59
2020-06-04,1216.65
2020-06-05,1205.27
2020-06-08,1199.11
2020-06-09,1198.25
2020-06-10,1188.72
2020-06-11,1197.73
2020-06-12,1203.51
2020-06-15,1213.97
2020-06-16,1210.74
2020-06-17,1212.79
2020-06-18,1211.25
2020-06-19,1207.43
2020-06-22,1214.04
2020-06-23,1207.38
2020-06-24,1202.47
2020-06-25,1203.33
2020-06-26,1200.56
2020-06-29,1198.87
2020-06-30,1201.85
2020-07-01,1203.43
2020-07-02,1199.63
2020-07-03,1199.7
2020-07-06,1192.5
2020-07-07,1194.92
2020-07-08,1195.16
2020-07-09,1194.1
2020-07-10,1201.4
2020-07-13,1201.67
2020-07-14,1206.14
2020-07-15,1200.24
2020-07-16,1203.56
2020-07-17,1204.54
2020-07-20,1202.89
2020-07-21,1195.46
2020-07-22,1195.7
2020-07-23,1200.89
2020-07-24,1203.33
2020-07-27,1196.56
2020-07-28,1200.08
2020-07-29,1194.22
2020-07-30,1195.74
2020-07-31,1189.7
2020-08-03,1195.0
2020-08-04,1195.49
2020-08-05,1185.88
2020-08-06,1186.35
2020-08-07,1186.34
2020-08-10,1187.01
2020-08-11,1182.88
2020-08-12,1184.2
2020-08-13,1185.01
2020-08-14,1186.92
2020-08-17,1186.09
2020-08-18,1184.34
2020-08-19,1178.22
2020-08-20,1188.37
2020-08-21,1192.24
2020-08-24,1187.07
2020-08-25,1186.83
2020-08-26,1186.67
2020-08-27,1185.63
2020-08-28,1181.07
2020-08-31,1185.73
2020-09-01,1184.72
2020-09-02,1187.14
2020-09-03,1190.76
2020-09-04,1189.89
2020-09-07,1188.34
2020-09-08,1189.77
2020-09-09,1187.33
2020-09-10,1186.46
2020-09-11,1187.0
2020-09-14,1182.83
2020-09-15,1177.88
2020-09-16,1171.72
2020-09-17,1172.47
2020-09-18,1162.82
2020-09-21,1164.71
2020-09-22,1161.73
2020-09-23,1165.58
2020-09-24,1174.37
2020-09-25,1175.49
2020-09-28,1169.43
2020-09-29,1167.23
2020-09-30,1168.87
2020-10-01,1161.53
2020-10-02,1163.41
2020-10-05,1158.84
2020-10-06,1160.23
2020-10-07,1157.77
2020-10-08,1152.13
2020-10-09,1144.99
2020-10-12,1148.66
2020-10-13,1146.18
2020-10-14,1146.13
2020-10-15,1148.98
2020-10-16,1142.29
2020-10-19,1138.17
2020-10-20,1140.01
2020-10-21,1133.21
2020-10-22,1134.98
2020-10-23,1128.98
2020-10-26,1132.34
2020-10-27,1126.51
2020-10-28,1136.28
2020-10-29,1133.73
2020-10-30,1131.99
2020-11-02,1133.38
2020-11-03,1131.21
2020-11-04,1132.36
2020-11-05,1122.46
2020-11-06,1122.66
2020-11-09,1112.03
2020-11-10,1116.98
2020-11-11,1114.35
2020-11-12,1114.74
2020-11-13,1110.32
2020-11-16,1107.78
2020-11-17,1106.5
2020-11-18,1104.27
2020-11-19,1116.52
2020-11-20,1115.45
2020-11-23,1111.95
2020-11-24,1111.48
2020-11-25,1106.49
2020-11-26,1107.76
2020-11-27,1105.55
2020-11-30,1106.91
2020-12-01,1108.56
2020-12-02,1102.44
2020-12-03,1091.19
2020-12-04,1086.11
2020-12-07,1085.82
2020-12-08,1085.13
2020-12-09,1085.37
2020-12-10,1088.34
2020-12-11,1092.87
2020-12-14,1091.51
2020-12-15,1093.65
2020-12-16,1093.53
2020-12-17,1092.99
2020-12-18,1098.74
2020-12-21,1109.44
2020-12-22,1105.84
2020-12-23,1107.55
2020-12-24,1103.07
2020-12-28,1097.36
2020-12-29,1093.34
2020-12-30,1087.72
2020-12-31,1088.75
2021-01-04,1083.3
2021-01-05,1088.62
2021-01-06,1085.51
2021-01-07,1093.43
2021-01-08,1092.16
2021-01-11,1098.22
2021-01-12,1098.91
2021-01-13,1097.48
2021-01-14,1097.3
2021-01-15,1100.06
2021-01-18,1106.64
2021-01-19,1102.49
2021-01-20,1102.07
2021-01-21,1099.78
2021-01-22,1105.84
2021-01-25,1102.85
2021-01-26,1103.11
2021-01-27,1106.81
2021-01-28,1117.16
2021-01-29,1116.5
2021-02-01,1118.18
2021-02-02,1115.97
2021-02-03,1115.94
2021-02-04,1118.09
2021-02-05,1122.8
2021-02-08,1120.81
2021-02-09,1113.2
2021-02-10,1105.52
2021-02-11,1103.13
2021-02-12,1105.04
2021-02-15,1102.42
2021-02-16,1104.41
2021-02-17,1106.77
2021-02-18,1106.3
2021-02-19,1103.54
2021-02-22,1113.35
2021-02-23,1113.17
2021-02-24,1108.31
2021-02-25,1111.77
2021-02-26,1127.88
2021-03-01,1122.38
2021-03-02,1126.01
2021-03-03,1118.22
2021-03-04,1125.05
2021-03-05,1128.42
2021-03-08,1139.12
2021-03-09,1138.31
2021-03-10,1141.15
2021-03-11,1130.5
2021-03-12,1135.45
2021-03-15,1134.2
2021-03-16,1129.77
2021-03-17,1130.97
2021-03-18,1127.64
2021-03-19,1130.85
2021-03-22,1127.6
2021-03-23,1129.75
2021-03-24,1131.6
2021-03-25,1136.15
2021-03-26,1130.68
2021-03-29,1132.46
2021-03-30,1133.93
2021-03-31,1129.37
2021-04-01,1130.9
2021-04-06,1120.18
2021-04-07,1117.51
2021-04-08,1115.9
2021-04-09,1119.85
2021-04-12,1124.38
2021-04-13,1124.18
2021-04-14,1114.9
2021-04-15,1115.54
2021-04-16,1114.38
2021-04-19,1114.16
2021-04-20,1114.36
2021-04-21,1119.52
2021-04-22,1117.56
2021-04-23,1116.38
2021-04-26,1111.76
2021-04-27,1111.41
2021-04-28,1114.29
2021-04-29,1107.59
2021-04-30,1114.25
2021-05-03,1122.51
2021-05-04,1126.0
2021-05-05,1125.35
2021-05-06,1121.71
2021-05-07,1119.93
2021-05-10,1111.96
2021-05-11,1118.51
2021-05-12,1124.76
2021-05-13,1132.38
2021-05-14,1128.49
2021-05-17,1138.25
2021-05-18,1127.57
2021-05-19,1129.95
2021-05-20,1130.79
2021-05-21,1126.56
2021-05-24,1126.29
2021-05-25,1121.63
2021-05-26,1117.02
2021-05-27,1117.1
2021-05-28,1116.67
2021-05-31,1108.14
2021-06-01,1108.7
2021-06-02,1112.84
2021-06-03,1114.1
2021-06-04,1116.56
2021-06-07,1111.03
2021-06-08,1115.36
2021-06-09,1115.13
2021-06-10,1116.12
2021-06-11,1114.3
2021-06-14,1118.78
2021-06-15,1118.35
2021-06-16,1118.63
2021-06-17,1134.34
2021-06-18,1132.23
2021-06-21,1134.63
2021-06-22,1135.63
2021-06-23,1136.27
2021-06-24,1131.93
2021-06-25,1126.65
2021-06-28,1131.75
2021-06-29,1128.24
2021-06-30,1128.75
2021-07-01,1132.5
2021-07-02,1136.34
2021-07-05,1130.31
2021-07-06,1133.36
2021-07-07,1136.75
2021-07-08,1149.97
2021-07-09,1145.39
2021-07-12,1149.13
2021-07-13,1145.53
2021-07-14,1147.34
2021-07-15,1143.31
2021-07-16,1142.13
2021-07-19,1153.77
2021-07-20,1148.53
2021-07-21,1154.91
2021-07-22,1148.7
2021-07-23,1150.84
2021-07-26,1154.4
2021-07-27,1152.2
2021-07-28,1154.39
2021-07-29,1145.52
2021-07-30,1151.07
2021-08-02,1150.66
2021-08-03,1148.16
2021-08-04,1142.77
2021-08-05,1142.06
2021-08-06,1142.67
2021-08-09,1144.31
2021-08-10,1151.48
2021-08-11,1158.4
2021-08-12,1162.95
2021-08-13,1164.44
2021-08-16,1167.25
2021-08-17,1174.39
2021-08-18,1170.31
2021-08-19,1175.91
2021-08-20,1182.98
2021-08-23,1171.31
2021-08-24,1166.1
2021-08-25,1167.49
2021-08-26,1167.13
2021-08-27,1169.78
2021-08-30,1165.18
2021-08-31,1157.71
2021-09-01,1158.71
2021-09-02,1158.75
2021-09-03,1157.4
2021-09-06,1156.82
2021-09-07,1163.7
2021-09-08,1165.09
2021-09-09,1168.04
2021-09-10,1165.91
2021-09-13,1174.65
2021-09-14,1170.36
2021-09-15,1167.77
2021-09-16,1173.54
2021-09-17,1176.79
2021-09-20,1189.75
2021-09-21,1183.21
2021-09-22,1183.28
2021-09-23,1173.48
2021-09-24,1179.74
2021-09-27,1181.43
2021-09-28,1186.34
2021-09-29,1185.17
2021-09-30,1184.54
2021-10-01,1182.17
2021-10-04,1179.53
2021-10-05,1186.11
2021-10-06,1195.56
2021-10-07,1189.99
2021-10-08,1194.4
2021-10-11,1195.29
2021-10-12,1197.23
2021-10-13,1191.95
2021-10-14,1185.58
2021-10-15,1181.87
2021-10-18,1187.44
2021-10-19,1178.0
2021-10-20,1173.8
2021-10-21,1177.79
2021-10-22,1176.6
2021-10-25,1169.78
2021-10-26,1165.53
2021-10-27,1171.08
2021-10-28,1171.13
2021-10-29,1170.39
2021-11-01,1177.99
2021-11-02,1175.53
2021-11-03,1182.46
2021-11-04,1183.62
2021-11-05,1186.52
2021-11-08,1181.9
2021-11-09,1176.88
2021-11-10,1178.91
2021-11-11,1180.74
2021-11-12,1178.46
2021-11-15,1179.97
2021-11-16,1181.39
2021-11-17,1181.88
2021-11-18,1183.13
2021-11-19,1193.01
2021-11-22,1187.02
2021-11-23,1190.69
2021-11-24,1188.21
2021-11-25,1191.34
2021-11-26,1194.67
2021-11-29,1192.56
2021-11-30,1188.32
2021-12-01,1176.0
2021-12-02,1176.09
2021-12-03,1181.51
2021-12-06,1181.72
2021-12-07,1177.59
2021-12-08,1175.55
2021-12-09,1177.1
2021-12-10,1181.01
2021-12-13,1182.48
2021-12-14,1183.4
2021-12-15,1185.76
2021-12-16,1183.29
2021-12-17,1185.14
2021-12-20,1191.7
2021-12-21,1191.14
2021-12-22,1191.27
2021-12-23,1187.7
2021-12-24,1186.87
2021-12-27,1187.77
2021-12-28,1187.13
2021-12-29,1186.46
2021-12-30,1188.95
2021-12-31,1188.75
2022-01-03,1192.78
2022-01-04,1199.49
2022-01-05,1196.76
2022-01-06,1203.76
2022-01-07,1203.72
2022-01-10,1197.81
2022-01-11,1193.41
2022-01-12,1190.21
2022-01-13,1185.76
2022-01-14,1189.19
2022-01-17,1192.57
2022-01-18,1192.34
2022-01-19,1187.4
2022-01-20,1189.95
2022-01-21,1191.3
2022-01-24,1196.4
2022-01-25,1198.71
2022-01-26,1197.15
2022-01-27,1204.75
2022-01-28,1211.59
2022-01-31,1209.29
2022-02-01,1202.14
2022-02-02,1200.42
2022-02-03,1203.63
2022-02-04,1198.57
2022-02-07,1198.36
2022-02-08,1199.05
2022-02-09,1194.33
2022-02-10,1195.49
2022-02-11,1194.43
2022-02-14,1196.98
2022-02-15,1196.56
2022-02-16,1197.07
2022-02-17,1196.75
2022-02-18,1194.69
2022-02-21,1193.35
2022-02-22,1193.21
2022-02-23,1190.26
2022-02-24,1207.29
2022-02-25,1200.46
2022-02-28,1203.34
2022-03-01,1202.83
2022-03-02,1205.65
2022-03-03,1204.59
2022-03-04,1218.99
2022-03-07,1228.5
2022-03-08,1234.59
2022-03-09,1234.49
2022-03-10,1227.43
2022-03-11,1232.07
2022-03-14,1238.84
2022-03-15,1242.88
2022-03-16,1231.37
2022-03-17,1212.58
2022-03-18,1214.85
2022-03-21,1216.36
2022-03-22,1218.99
2022-03-23,1217.81
2022-03-24,1222.93
2022-03-25,1220.98
2022-03-28,1224.23
2022-03-29,1213.91
2022-03-30,1210.65
2022-03-31,1213.74
2022-04-01,1217.53
2022-04-04,1216.18
2022-04-05,1213.25
2022-04-06,1218.02
2022-04-07,1219.24
2022-04-08,1227.44
2022-04-11,1234.16
2022-04-12,1229.62
2022-04-13,1227.11
2022-04-14,1226.98
2022-04-19,1239.9
2022-04-20,1235.36
2022-04-21,1238.48
2022-04-22,1242.53
2022-04-25,1251.15
2022-04-26,1255.41
2022-04-27,1268.05
2022-04-28,1275.94
2022-04-29,1258.74
2022-05-02,1267.3
2022-05-03,1265.29
2022-05-04,1264.31
2022-05-05,1259.36
2022-05-06,1271.43
2022-05-09,1274.25
2022-05-10,1275.88
2022-05-11,1273.56
2022-05-12,1289.37
2022-05-13,1281.49
2022-05-16,1283.73
2022-05-17,1265.21
2022-05-18,1266.52
2022-05-19,1276.21
2022-05-20,1267.45
2022-05-23,1261.08
2022-05-24,1262.73
2022-05-25,1271.22
2022-05-26,1264.55
2022-05-27,1253.15
2022-05-30,1237.14
2022-05-31,1240.85
2022-06-01,1242.94
2022-06-02,1247.72
2022-06-03,1246.41
2022-06-06,1250.35
2022-06-07,1257.5
2022-06-08,1256.49
2022-06-09,1255.69
2022-06-10,1270.8
2022-06-13,1291.18
2022-06-14,1288.48
2022-06-15,1291.21
2022-06-16,1295.08
2022-06-17,1293.41
2022-06-20,1290.81
2022-06-21,1293.92
2022-06-22,1301.48
2022-06-23,1302.97
2022-06-24,1296.17
2022-06-27,1284.22
2022-06-28,1289.41
2022-06-29,1296.97
2022-06-30,1301.24
2022-07-01,1297.44
2022-07-04,1294.5
2022-07-05,1310.95
2022-07-06,1308.53
2022-07-07,1301.24
2022-07-08,1300.41
2022-07-11,1307.55
2022-07-12,1309.6
2022-07-13,1302.67
2022-07-14,1321.63
2022-07-15,1325.97
2022-07-18,1316.09
2022-07-19,1308.28
2022-07-20,1311.51
2022-07-21,1311.37
2022-07-22,1310.76
2022-07-25,1310.33
2022-07-26,1310.4
2022-07-27,1314.02
2022-07-28,1304.53
2022-07-29,1303.59
2022-08-01,1302.94
2022-08-02,1309.82
2022-08-03,1310.6
2022-08-04,1309.99
2022-08-05,1294.37
2022-08-08,1303.98
2022-08-09,1306.18
2022-08-10,1311.12
2022-08-11,1300.66
2022-08-12,1305.39
2022-08-15,1310.79
2022-08-16,1312.47
2022-08-17,1315.45
2022-08-18,1321.29
2022-08-19,1336.17
2022-08-22,1344.08
2022-08-23,1341.9
2022-08-24,1341.7
2022-08-25,1335.99
2022-08-26,1332.53
2022-08-29,1349.36
2022-08-30,1346.34
2022-08-31,1342.79
2022-09-01,1353.15
2022-09-02,1361.79
2022-09-05,1370.95
2022-09-06,1376.56
2022-09-07,1390.43
2022-09-08,1380.46
2022-09-09,1377.89
2022-09-12,1376.25
2022-09-13,1373.27
2022-09-14,1393.36
2022-09-15,1398.3
2022-09-16,1389.97
2022-09-19,1393.21
2022-09-20,1392.66
2022-09-21,1394.49
2022-09-22,1401.04
2022-09-23,1416.82
2022-09-26,1430.02
2022-09-27,1420.63
2022-09-28,1441.55
2022-09-29,1430.39
2022-09-30,1436.9
2022-10-03,1442.29
2022-10-04,1427.76
2022-10-05,1418.77
2022-10-06,1408.1
2022-10-07,1410.04
2022-10-10,1427.51
2022-10-11,1432.52
2022-10-12,1426.6
2022-10-13,1430.03
2022-10-14,1439.23
2022-10-17,1436.91
2022-10-18,1424.42
2022-10-19,1430.1
2022-10-20,1427.28
2022-10-21,1443.29
2022-10-24,1439.85
2022-10-25,1437.48
2022-10-26,1418.85
2022-10-27,1423.3
2022-10-28,1424.68
2022-10-31,1428.4
2022-11-01,1412.11
2022-11-02,1415.03
2022-11-03,1427.0
2022-11-04,1415.82
2022-11-07,1392.22
2022-11-08,1378.49
2022-11-09,1364.41
2022-11-10,1380.31
2022-11-11,1318.59
2022-11-14,1326.99
2022-11-15,1312.58
2022-11-16,1323.57
2022-11-17,1350.96
2022-11-18,1339.98
2022-11-21,1361.51
2022-11-22,1355.54
2022-11-23,1353.43
2022-11-24,1327.46
2022-11-25,1333.2
2022-11-28,1334.76
2022-11-29,1327.13
2022-11-30,1315.67
2022-12-01,1304.58
2022-12-02,1296.9
2022-12-05,1294.86
2022-12-06,1318.36
2022-12-07,1320.99
2022-12-08,1318.62
2022-12-09,1301.2
2022-12-12,1304.61
2022-12-13,1307.49
2022-12-14,1295.89
2022-12-15,1312.47
2022-12-16,1308.69
2022-12-19,1299.46
2022-12-20,1286.66
2022-12-21,1285.85
2022-12-22,1280.68
2022-12-23,1279.89
2022-12-27,1270.57
2022-12-28,1267.47
2022-12-29,1267.89
2022-12-30,1260.16
2023-01-02,1270.99
2023-01-03,1276.92
2023-01-04,1272.71
2023-01-05,1269.6
2023-01-06,1273.5
2023-01-09,1243.8
2023-01-10,1248.14
2023-01-11,1247.8
2023-01-12,1244.12
2023-01-13,1242.29
2023-01-16,1239.57
2023-01-17,1239.05
2023-01-18,1233.66
2023-01-19,1239.5
2023-01-20,1234.5
2023-01-23,1228.65
2023-01-24,1235.59
2023-01-25,1235.46
2023-01-26,1232.23
2023-01-27,1234.58
2023-01-30,1227.98
2023-01-31,1235.95
2023-02-01,1229.32
2023-02-02,1224.88
2023-02-03,1230.84
2023-02-06,1256.17
2023-02-07,1260.57
2023-02-08,1258.87
2023-02-09,1258.36
2023-02-10,1266.7
2023-02-13,1276.49
2023-02-14,1266.47
2023-02-15,1284.43
2023-02-16,1286.47
2023-02-17,1301.95
2023-02-20,1296.96
2023-02-21,1300.67
2023-02-22,1303.07
2023-02-23,1296.71
2023-02-24,1312.37
2023-02-27,1322.72
2023-02-28,1320.12
2023-03-01,1300.1
2023-03-02,1312.83
2023-03-03,1303.1
2023-03-06,1297.66
2023-03-07,1305.29
2023-03-08,1317.78
2023-03-09,1321.77
2023-03-10,1320.84
2023-03-13,1306.92
2023-03-14,1306.1
2023-03-15,1321.22
2023-03-16,1310.43
2023-03-17,1308.33
2023-03-20,1308.03
2023-03-21,1305.07
2023-03-22,1304.06
2023-03-23,1283.37
2023-03-24,1303.97
2023-03-27,1299.76
2023-03-28,1298.72
2023-03-29,1301.09
2023-03-30,1298.59
2023-03-31,1305.99
2023-04-03,1315.02
2023-04-04,1316.11
2023-04-05,1311.52
2023-04-06,1318.2
2023-04-11,1322.16
2023-04-12,1325.86
2023-04-13,1308.35
2023-04-14,1300.92
2023-04-17,1315.12
2023-04-18,1317.31
2023-04-19,1334.37
2023-04-20,1325.24
2023-04-21,1328.69
2023-04-24,1334.84
2023-04-25,1338.87
2023-04-26,1337.68
2023-04-27,1341.12
2023-04-28,1339.49
2023-05-02,1340.92
2023-05-03,1333.6
2023-05-04,1323.54
2023-05-05,1318.23
2023-05-08,1321.25
2023-05-09,1324.85
2023-05-10,1324.01
2023-05-11,1328.25
2023-05-12,1335.86
2023-05-15,1336.7
2023-05-16,1340.67
2023-05-17,1337.59
2023-05-18,1333.64
2023-05-19,1325.65
2023-05-22,1315.62
2023-05-23,1319.93
2023-05-24,1318.42
2023-05-25,1326.78
2023-05-26,1325.89
2023-05-29,1323.34
2023-05-30,1317.24
2023-05-31,1325.74
2023-06-01,1321.15
2023-06-02,1302.29
2023-06-05,1306.35
2023-06-06,1300.13
2023-06-07,1300.77
2023-06-08,1303.77
2023-06-09,1290.45
2023-06-12,1287.28
2023-06-13,1272.8
2023-06-14,1277.56
2023-06-15,1282.56
2023-06-16,1274.55
2023-06-19,1282.67
2023-06-20,1286.32
2023-06-21,1294.41
2023-06-22,1296.88
2023-06-23,1310.11
2023-06-26,1305.71
2023-06-27,1300.52
2023-06-28,1311.33
2023-06-29,1315.39
2023-06-30,1321.44
2023-07-03,1308.14
2023-07-04,1298.4
2023-07-05,1300.94
2023-07-06,1302.68
2023-07-07,1305.94
2023-07-10,1304.77
2023-07-11,1294.26
2023-07-12,1289.06
2023-07-13,1268.71
2023-07-14,1268.18
2023-07-17,1266.18
2023-07-18,1261.24
2023-07-19,1265.66
2023-07-20,1271.08
2023-07-21,1285.19
2023-07-24,1280.52
2023-07-25,1275.57
2023-07-26,1275.48
2023-07-27,1279.08
2023-07-28,1277.68
2023-07-31,1275.05
2023-08-01,1288.57
2023-08-02,1295.19
2023-08-03,1301.49
2023-08-04,1311.35
2023-08-07,1307.7
2023-08-08,1320.19
2023-08-09,1314.25
2023-08-10,1312.57
2023-08-11,1326.16
2023-08-14,1335.22
2023-08-15,1336.9
2023-08-16,1338.5
2023-08-17,1337.87
2023-08-18,1340.79
2023-08-21,1338.76
2023-08-22,1336.08
2023-08-23,1340.36
2023-08-24,1322.0
2023-08-25,1323.63
2023-08-28,1326.55
2023-08-29,1326.4
2023-08-30,1324.7
2023-08-31,1324.59
2023-09-01,1317.13
2023-09-04,1317.63
2023-09-05,1333.75
2023-09-06,1331.62
2023-09-07,1336.79
2023-09-08,1334.56
2023-09-11,1329.67
2023-09-12,1327.94
2023-09-13,1328.84
2023-09-14,1325.67
2023-09-15,1328.37
2023-09-18,1325.6
2023-09-19,1324.54
2023-09-20,1327.22
2023-09-21,1340.9
2023-09-22,1332.99
2023-09-25,1338.25
2023-09-26,1348.53
2023-09-27,1352.69
2023-09-28,1353.74
2023-09-29,1345.35
2023-10-02,1355.76
2023-10-03,1361.46
2023-10-04,1354.78
2023-10-05,1349.46
2023-10-06,1347.18
2023-10-09,1352.59
2023-10-10,1349.08
2023-10-11,1340.31
2023-10-12,1337.29
2023-10-13,1352.22
2023-10-16,1354.42
2023-10-17,1352.62
2023-10-18,1351.85
2023-10-19,1358.97
2023-10-20,1351.71
2023-10-23,1352.08
2023-10-24,1343.82
2023-10-25,1349.44
2023-10-26,1357.37
2023-10-27,1356.97
2023-10-30,1348.77
2023-10-31,1351.03
2023-11-01,1356.33
2023-11-02,1329.27
2023-11-03,1310.43
2023-11-06,1298.15
2023-11-07,1308.32
2023-11-08,1313.87
2023-11-09,1311.29
2023-11-10,1318.75
2023-11-13,1324.95
2023-11-14,1325.75
2023-11-15,1297.85
2023-11-16,1293.55
2023-11-17,1292.31
2023-11-20,1292.61
2023-11-21,1290.66
2023-11-22,1299.7
2023-11-23,1301.7
2023-11-24,1305.98
2023-11-27,1299.07
2023-11-28,1296.82
2023-11-29,1290.91
2023-11-30,1297.94
2023-12-01,1306.42
2023-12-04,1304.66
2023-12-05,1314.76
2023-12-06,1315.54
2023-12-07,1319.3
2023-12-08,1310.97
2023-12-11,1320.73
2023-12-12,1309.89
2023-12-13,1319.05
2023-12-14,1293.76
2023-12-15,1300.26
2023-12-18,1300.42
2023-12-19,1304.71
2023-12-20,1302.65
2023-12-21,1302.96
2023-12-22,1297.33
2023-12-27,1294.78
2023-12-28,1285.84
2023-12-29,1297.43
2024-01-02,1313.23
2024-01-03,1311.73
2024-01-04,1309.46
2024-01-05,1318.23
2024-01-08,1320.06
2024-01-09,1318.67
2024-01-10,1318.99
2024-01-11,1314.64
2024-01-12,1314.87
2024-01-15,1322.02
2024-01-16,1337.0
2024-01-17,1345.14
2024-01-18,1338.67
2024-01-19,1333.69
2024-01-22,1339.02
2024-01-23,1337.65
2024-01-24,1332.57
2024-01-25,1336.87
2024-01-26,1334.82
2024-01-29,1335.67
2024-01-30,1330.14
2024-01-31,1333.05
2024-02-01,1333.85
2024-02-02,1323.81
2024-02-05,1334.53
2024-02-06,1328.08
2024-02-07,1326.95
2024-02-08,1332.04
2024-02-09,1332.39
2024-02-12,1328.82
2024-02-13,1329.23
2024-02-14,1333.34
2024-02-15,1330.49
2024-02-16,1332.74
2024-02-19,1335.25
2024-02-20,1333.79
2024-02-21,1333.86
2024-02-22,1326.79
2024-02-23,1330.03
2024-02-26,1331.05
2024-02-27,1331.35
2024-02-28,1337.3
2024-02-29,1336.99
2024-03-01,1335.62
2024-03-04,1332.23
2024-03-05,1334.67
2024-03-06,1333.83
2024-03-07,1327.83
2024-03-08,1318.98
2024-03-11,1311.06
2024-03-12,1312.9
2024-03-13,1315.49
2024-03-14,1319.21
2024-03-15,1330.07
2024-03-18,1333.78
2024-03-19,1338.93
2024-03-20,1340.7
2024-03-21,1328.51
2024-03-22,1343.08
2024-03-25,1341.38
2024-03-26,1341.09
2024-03-27,1351.06
2024-03-28,1349.25
2024-04-02,1351.97
2024-04-03,1350.31
2024-04-04,1347.64
2024-04-05,1350.51
2024-04-08,1356.71
2024-04-09,1353.62
2024-04-10,1351.13
2024-04-11,1369.48
2024-04-12,1379.83
2024-04-15,1383.06
2024-04-16,1392.89
2024-04-17,1383.64
2024-04-18,1374.11
2024-04-19,1379.04
2024-04-22,1380.4
2024-04-23,1378.31
2024-04-24,1375.55
2024-04-25,1374.28
2024-04-26,1376.38
2024-04-29,1377.01
2024-04-30,1380.55
2024-05-02,1374.47
2024-05-03,1359.12
2024-05-06,1354.86
2024-05-07,1358.4
2024-05-08,1365.05
2024-05-09,1371.2
2024-05-10,1366.29
2024-05-13,1367.31
2024-05-14,1367.69
2024-05-15,1358.87
2024-05-16,1346.44
2024-05-17,1357.02
2024-05-20,1360.2
2024-05-21,1362.81
2024-05-22,1367.45
2024-05-23,1360.48
2024-05-24,1365.72
2024-05-27,1363.12
2024-05-28,1358.0
2024-05-29,1367.43
2024-05-30,1376.48
2024-05-31,1383.26
2024-06-03,1377.27
2024-06-04,1376.63
2024-06-05,1371.73
2024-06-06,1368.1
2024-06-07,1367.2
2024-06-10,1375.35
2024-06-11,1378.59
2024-06-12,1376.08
2024-06-13,1374.55
2024-06-14,1385.74
2024-06-17,1382.23
2024-06-18,1385.04
2024-06-19,1380.83
2024-06-20,1388.2
2024-06-21,1389.02
2024-06-24,1388.23
2024-06-25,1391.67
2024-06-26,1392.14
2024-06-27,1386.23
2024-06-28,1377.73
2024-07-01,1382.42
2024-07-02,1387.14
2024-07-03,1389.91
2024-07-04,1380.61
2024-07-05,1380.97
2024-07-08,1383.53
2024-07-09,1383.4
2024-07-10,1384.26
2024-07-11,1380.05
2024-07-12,1375.47
2024-07-15,1382.85
2024-07-16,1382.8
2024-07-17,1379.26
2024-07-18,1382.78
2024-07-19,1387.85
2024-07-22,1388.02
2024-07-23,1386.36
2024-07-24,1382.75
2024-07-25,1379.9
2024-07-26,1385.96
2024-07-29,1383.39
2024-07-30,1384.51
2024-07-31,1372.33
2024-08-01,1366.33
2024-08-02,1365.73
2024-08-05,1364.19
2024-08-06,1378.0
2024-08-07,1375.15
2024-08-08,1375.9
2024-08-09,1365.82
2024-08-12,1370.78
2024-08-13,1371.27
2024-08-14,1355.6
2024-08-15,1357.99
2024-08-16,1355.81
2024-08-19,1336.9
2024-08-20,1333.76
2024-08-21,1336.41
2024-08-22,1338.79
2024-08-23,1336.98
2024-08-26,1326.85
2024-08-27,1331.18
2024-08-28,1335.84
2024-08-29,1329.67
2024-08-30,1333.63
2024-09-02,1339.23
2024-09-03,1342.3
2024-09-04,1340.72
2024-09-05,1335.08
2024-09-06,1330.54
2024-09-09,1345.18
2024-09-10,1342.21
2024-09-11,1338.86
2024-09-12,1341.05
2024-09-13,1330.39
2024-09-16,1318.91
2024-09-17,1317.59
2024-09-18,1324.75
2024-09-19,1328.05
2024-09-20,1335.76
2024-09-23,1337.01
2024-09-24,1334.65
2024-09-25,1330.59
2024-09-26,1325.52
2024-09-27,1310.95
2024-09-30,1312.17
2024-10-01,1320.58
2024-10-02,1321.05
2024-10-03,1334.26
2024-10-04,1340.32
2024-10-07,1344.13
2024-10-08,1346.04
2024-10-09,1344.37
2024-10-10,1351.55
2024-10-11,1350.92
2024-10-14,1359.62
2024-10-15,1359.93
2024-10-16,1361.02
2024-10-17,1370.17
2024-10-18,1371.85
2024-10-21,1378.17
2024-10-22,1378.49
2024-10-23,1385.29
2024-10-24,1379.34
2024-10-25,1389.46
2024-10-28,1383.3
2024-10-29,1388.9
2024-10-30,1380.51
2024-10-31,1378.47
2024-11-01,1376.4
2024-11-04,1373.78
2024-11-05,1379.93
2024-11-06,1403.37
2024-11-07,1386.91
2024-11-08,1388.24
2024-11-11,1398.9
2024-11-12,1405.43
2024-11-13,1399.38
2024-11-14,1403.95
2024-11-15,1394.91
2024-11-18,1397.36
2024-11-19,1392.36
2024-11-20,1395.95
2024-11-21,1398.06
2024-11-22,1406.48
2024-11-25,1400.54
2024-11-26,1395.45
2024-11-27,1392.39
2024-11-28,1396.59
2024-11-29,1397.57
2024-12-02,1404.33
2024-12-03,1403.06
2024-12-04,1417.54
2024-12-05,1418.04
2024-12-06,1419.74
2024-12-09,1432.14
2024-12-10,1431.85
2024-12-11,1430.36
2024-12-12,1430.72
2024-12-13,1433.33
2024-12-16,1437.56
2024-12-17,1436.72
2024-12-18,1438.15
2024-12-19,1448.1
2024-12-20,1446.29
2024-12-23,1453.44
2024-12-24,1458.37
2024-12-27,1473.55
2024-12-30,1473.7
2024-12-31,1474.78
2025-01-02,1467.95
2025-01-03,1468.78
2025-01-06,1456.21
2025-01-07,1450.35
2025-01-08,1461.7
2025-01-09,1459.71
2025-01-10,1466.73
2025-01-13,1468.44
2025-01-14,1460.61
2025-01-15,1459.37
2025-01-16,1459.35
2025-01-17,1458.58
2025-01-20,1451.34
2025-01-21,1441.93
2025-01-22,1432.55
2025-01-23,1436.85
2025-01-24,1433.92
2025-01-27,1432.07
2025-01-28,1445.94
2025-01-29,1446.73
2025-01-30,1441.91
2025-01-31,1449.65
2025-02-03,1463.9
2025-02-04,1455.45
2025-02-05,1446.55
2025-02-06,1450.75
2025-02-07,1447.09
2025-02-10,1450.4
2025-02-11,1453.6
2025-02-12,1452.24
2025-02-13,1450.93
2025-02-14,1440.64
2025-02-17,1443.57
2025-02-18,1441.87
2025-02-19,1442.13
2025-02-20,1436.96
2025-02-21,1433.5
2025-02-24,1427.98
2025-02-25,1433.85
2025-02-26,1434.49
2025-02-27,1443.04
2025-02-28,1459.92
2025-03-03,1458.6
2025-03-04,1456.03
2025-03-05,1450.95
2025-03-06,1448.25
2025-03-07,1446.5
2025-03-10,1455.89
2025-03-11,1453.96
2025-03-12,1452.0
2025-03-13,1456.72
2025-03-14,1453.64
2025-03-17,1448.29
2025-03-18,1453.26
2025-03-19,1458.85
2025-03-20,1469.55
2025-03-21,1464.4
2025-03-24,1467.29
2025-03-25,1466.2
2025-03-26,1465.39
2025-03-27,1465.15
2025-03-28,1468.6
2025-03-31,1474.54
2025-04-01,1472.4
2025-04-02,1461.88
2025-04-03,1455.45
2025-04-04,1448.05
2025-04-07,1464.86
2025-04-08,1478.35
2025-04-09,1476.73
2025-04-10,1455.45
2025-04-11,1431.68
2025-04-14,1421.54
2025-04-15,1426.85
2025-04-16,1418.06
2025-04-17,1416.48
2025-04-22,1425.18
2025-04-23,1422.13
2025-04-24,1435.29
2025-04-25,1439.49
2025-04-28,1444.38
2025-04-29,1435.67
2025-04-30,1423.01
2025-05-02,1397.73
2025-05-05,1371.32
2025-05-06,1381.08
2025-05-07,1391.15
2025-05-08,1398.72
2025-05-09,1400.39
2025-05-12,1419.08
2025-05-13,1424.45
2025-05-14,1397.56
2025-05-15,1398.08
2025-05-16,1396.44
2025-05-19,1388.78
2025-05-20,1394.62
2025-05-21,1375.31
2025-05-22,1381.79
2025-05-23,1376.67
2025-05-26,1369.48
2025-05-27,1374.25
2025-05-28,1373.36
2025-05-29,1374.85
2025-05-30,1378.51
2025-06-02,1376.83
2025-06-03,1376.78
2025-06-04,1366.32
2025-06-05,1357.39
2025-06-06,1359.29
2025-06-09,1356.44
2025-06-10,1366.55
2025-06-11,1375.58
2025-06-12,1353.78
2025-06-13,1370.24
2025-06-16,1359.48
2025-06-17,1365.34
2025-06-18,1375.65
2025-06-19,1380.12
2025-06-20,1366.74
2025-06-23,1388.15
2025-06-24,1360.17
2025-06-25,1363.55
2025-06-26,1357.1
2025-06-27,1360.82
2025-06-30,1355.13
2025-07-01,1353.24
2025-07-02,1359.91
2025-07-03,1362.08
2025-07-04,1363.39
2025-07-07,1367.29
2025-07-08,1370.46
2025-07-09,1376.8
2025-07-10,1373.25
2025-07-11,1375.0
2025-07-14,1380.65
2025-07-15,1381.06
2025-07-16,1391.18
2025-07-17,1394.47
2025-07-18,1390.15
2025-07-21,1383.94
2025-07-22,1386.1
2025-07-23,1374.94
2025-07-24,1369.58
2025-07-25,1381.27
2025-07-28,1385.45
2025-07-29,1394.09
2025-07-30,1384.23
2025-07-31,1394.63
2025-08-01,1404.62
2025-08-04,1383.72
2025-08-05,1391.12
2025-08-06,1388.32
2025-08-07,1383.63
2025-08-08,1390.74
2025-08-11,1391.85
2025-08-12,1390.17
2025-08-13,1378.36
2025-08-14,1386.07
2025-08-15,1388.96
2025-08-18,1386.25
2025-08-19,1388.8
2025-08-20,1398.78
2025-08-21,1398.69
2025-08-22,1390.47
2025-08-25,1387.28
2025-08-26,1394.36
2025-08-27,1397.82
2025-08-28,1385.8
2025-08-29,1391.54
2025-09-01,1393.36
2025-09-02,1395.34
2025-09-03,1389.43
2025-09-04,1393.31
2025-09-05,1390.78
2025-09-08,1387.88
2025-09-09,1386.71
2025-09-10,1388.85
2025-09-11,1392.96
2025-09-12,1391.86
2025-09-15,1387.98
2025-09-16,1381.93
2025-09-17,1378.56
2025-09-18,1386.5
2025-09-19,1398.16
2025-09-22,1391.29
2025-09-23,1394.55
2025-09-24,1399.28
2025-09-25,1403.93
2025-09-26,1409.82
2025-09-29,1401.78
2025-09-30,1403.67
2025-10-01,1405.25
2025-10-02,1401.4
2025-10-03,1405.57
2025-10-06,1412.23
2025-10-07,1413.2
2025-10-08,1424.33
2025-10-09,1419.17
2025-10-10,1421.03
2025-10-13,1427.6
2025-10-14,1434.71
2025-10-15,1423.59
2025-10-16,1417.88
2025-10-17,1420.58
2025-10-20,1423.54
2025-10-21,1430.5
2025-10-22,1432.66
2025-10-23,1440.43
2025-10-24,1439.45
2025-10-27,1432.32
2025-10-28,1436.38
2025-10-29,1422.95
2025-10-30,1434.99
2025-10-31,1428.14
2025-11-03,1430.02
2025-11-04,1439.2
2025-11-05,1444.0
2025-11-06,1445.76
2025-11-07,1459.64
2025-11-10,1454.13
2025-11-11,1465.1
2025-11-12,1465.88
2025-11-13,1463.48
2025-11-14,1451.5
2025-11-17,1461.46
2025-11-18,1462.99
2025-11-19,1466.01
2025-11-20,1469.35
2025-11-21,1474.29
2025-11-24,1473.27
2025-11-25,1464.88
2025-11-26,1474.3
2025-11-27,1462.24
2025-11-28,1469.66
2025-12-01,1465.15
2025-12-02,1467.9
2025-12-03,1464.5
2025-12-04,1471.53
2025-12-05,1472.58
2025-12-08,1466.19
2025-12-09,1468.51
2025-12-10,1469.97
2025-12-11,1471.14
2025-12-12,1477.12
2025-12-15,1465.15
2025-12-16,1473.24
2025-12-17,1479.38
2025-12-18,1477.24
2025-12-19,1478.72
2025-12-22,1480.39
2025-12-23,1480.88
2025-12-24,1448.24
2025-12-29,1437.15
2025-12-30,1443.95
2025-12-31,1444.2
2026-01-02,1444.87
2026-01-05,1449.28
2026-01-06,1448.65
2026-01-07,1447.68
2026-01-08,1452.31
2026-01-09,1459.84
2026-01-12,1466.91
2026-01-13,1474.08
2026-01-14,1475.41
2026-01-15,1468.32
2026-01-16,1472.93
2026-01-19,1473.2
2026-01-20,1476.8
2026-01-21,1464.62
2026-01-22,1467.72
2026-01-23,1467.55
2026-01-26,1447.77
2026-01-27,1441.2
2026-01-28,1428.83
2026-01-29,1430.83
2026-01-30,1442.63
2026-02-02,1452.48
2026-02-03,1448.56
2026-02-04,1455.75
2026-02-05,1465.15
2026-02-06,1467.42
2026-02-09,1462.05
2026-02-10,1461.64
2026-02-11,1451.97
2026-02-12,1438.29
2026-02-13,1446.45
2026-02-16,1441.42
2026-02-17,1445.82
2026-02-18,1445.89
2026-02-19,1449.68
2026-02-20,1449.66
2026-02-23,1443.55
2026-02-24,1443.3
2026-02-25,1427.9
2026-02-26,1425.64
2026-02-27,1441.97
2026-03-02,1462.11
2026-03-03,1478.5
2026-03-04,1464.8
2026-03-05,1475.79
2026-03-06,1485.18
2026-03-09,1485.12
2026-03-10,1470.12
2026-03-11,1477.11
2026-03-12,1480.84
2026-03-13,1491.7
2026-03-16,1490.75
2026-03-17,1487.18
2026-03-18,1503.55
2026-03-19,1501.61
2026-03-20,1500.8
2026-03-23,1487.52
2026-03-24,1498.86
2026-03-25,1497.53
2026-03-26,1506.32
2026-03-27,1511.5
2026-03-30,1517.7
2026-03-31,1524.8
2026-04-01,1504.81
2026-04-02,1516.65
2026-04-07,1497.41
2026-04-08,1474.23
2026-04-09,1479.49
2026-04-10,1483.27
2026-04-13,1489.95
2026-04-14,1470.52
2026-04-15,1477.1
2026-04-16,1476.51
2026-04-17,1478.99
2026-04-20,1470.25
2026-04-21,1469.85
2026-04-22,1478.05
2026-04-23,1479.36
2026-04-24,1477.04
2026-04-27,1471.22
2026-04-28,1476.89
2026-04-29,1478.38
2026-04-30,1477.0
2026-05-04,1472.03
2026-05-05,1472.95
2026-05-06,1448.1
2026-05-07,1450.64
2026-05-08,1466.78
2026-05-11,1472.9
2026-05-12,1488.87
2026-05-13,1488.58
2026-05-14,1491.73
2026-05-15,1499.62
2026-05-18,1497.8
2026-05-19,1508.75
2026-05-20,1505.44
2026-05-21,1508.74
2026-05-22,1517.55
2026-05-25,1513.75
2026-05-26,1505.3
2026-05-27,1499.7
2026-05-28,1502.83
2026-05-29,1506.27
2026-06-01,1508.64
2026-06-02,1517.15
2026-06-03,1530.99
2026-06-04,1532.52
2026-06-05,1540.93
2026-06-08,1527.95
2026-06-09,1525.48
2026-06-10,1524.5
2026-06-11,1529.53
2026-06-12,1520.21
2026-06-15,1514.3
2026-06-16,1508.85
2026-06-17,1517.08
2026-06-18,1538.89
2026-06-19,1532.31
2026-06-22,1537.08
2026-06-23,1536.15
2026-06-24,1546.43
2026-06-25,1542.92
2026-06-26,1536.47
2026-06-29,1543.75
2026-06-30,1550.89
2026-07-01,1558.09
2026-07-02,1548.85
2026-07-03,1531.23
2026-07-06,1531.07
2026-07-07,1514.45
2026-07-08,1509.08
2026-07-09,1512.45
2026-07-10,1504.92
2026-07-13,1494.09
2026-07-14,1495.49
2026-07-15,1492.17
2026-07-16,1479.45
2026-07-17,1485.32
2026-07-20,1481.18
2026-07-21,1478.4
2026-07-22,1480.35
2026-07-23,1472.72
2026-07-24,1461.0
2026-07-27,1470.11
2026-07-28,1459.45
2026-07-29,1452.35
2026-07-30,1433.7
2026-07-31,1443.61
2026-08-03,1427.05
2026-08-04,1427.11
2026-08-05,1423.72
2026-08-06,1423.57
2026-08-07,1415.95
2026-08-10,1416.62
2026-08-11,1412.17
2026-08-12,1417.13
2026-08-13,1420.29
2026-08-14,1411.27
2026-08-17,1411.91
2026-08-18,1410.07
2026-08-19,1391.48
2026-08-20,1396.35
2026-08-21,1384.23
2026-08-24,1384.26
2026-08-25,1383.07
2026-08-26,1383.49
2026-08-27,1380.38
2026-08-28,1374.55
2026-08-31,1368.03
2026-09-01,1374.61
2026-09-02,1362.56
2026-09-03,1357.29
2026-09-04,1350.35
2026-09-07,1347.93
2026-09-08,1341.67
2026-09-09,1336.2
2026-09-10,1343.8
2026-09-11,1342.79
2026-09-14,1346.24
2026-09-15,1359.15
2026-09-16,1367.8
2026-09-17,1382.55
2026-09-18,1388.1
2026-09-21,1372.18
2026-09-22,1356.15
2026-09-23,1365.35
2026-09-24,1368.6
2026-09-25,1355.05
2026-09-28,1357.93
2026-09-29,1353.36
